s3_url	count_id	case_id	aliquot_id
s3://htseq_results/dfdb90e0-bcf1-4cc6-866e-d81cfc5d9039/dfdb90e0-bcf1-4cc6-866e-d81cfc5d9039.htseq.counts.gz	dfdb90e0-bcf1-4cc6-866e-d81cfc5d9039	6a6c1569-1045-4ed3-acdb-5c45e47614ca	183b8327-907e-41be-a0c8-94d4f0dbfa45
s3://htseq_results/278da268-fdbd-424d-8525-1b187a9687f5/278da268-fdbd-424d-8525-1b187a9687f5.htseq.counts.gz	278da268-fdbd-424d-8525-1b187a9687f5	847865ca-9cf4-414b-bf59-a55965f37ec6	b7e0eaf4-ff94-413e-8c1c-6b95c9167eb1
s3://htseq_results/49d22e23-102c-4ea4-84bc-215dd2e8002e/49d22e23-102c-4ea4-84bc-215dd2e8002e.htseq.counts.gz	49d22e23-102c-4ea4-84bc-215dd2e8002e	91a605b2-929a-44ce-8522-2ff793ddf82f	fdac9082-f772-4ea3-84f9-bb58ce79ea75
s3://bioinformatics_scratch/8eadd747-079d-40b1-ae55-e7b8ad49f9d6/8eadd747-079d-40b1-ae55-e7b8ad49f9d6.htseq.counts.gz	8eadd747-079d-40b1-ae55-e7b8ad49f9d6	4d02010e-9e69-40d3-9bf0-3d4510aa0614	69700b66-571f-4c02-b8bb-cc1790fe2b3d
s3://htseq_results/5022b95e-f6d6-46c6-80d2-51f27aab9f25/5022b95e-f6d6-46c6-80d2-51f27aab9f25.htseq.counts.gz	5022b95e-f6d6-46c6-80d2-51f27aab9f25	0b83c47f-246c-4af1-b4c0-2b880edbf2d4	acc5858f-0f2c-4ed1-87f7-555249ae86db
s3://htseq_results/1af1aa3f-8f7c-4b29-bf14-5427d5a87c0a/1af1aa3f-8f7c-4b29-bf14-5427d5a87c0a.htseq.counts.gz	1af1aa3f-8f7c-4b29-bf14-5427d5a87c0a	3cad2139-0bc5-4c8f-994a-018be7e2e6ea	ffbb3fd8-1a6b-4a41-8a1c-69153ff2f054
s3://htseq_results/d8d4ed0e-e48e-4814-a750-3b6cd1fd470d/d8d4ed0e-e48e-4814-a750-3b6cd1fd470d.htseq.counts.gz	d8d4ed0e-e48e-4814-a750-3b6cd1fd470d	85fcd432-abf4-4bb7-8039-2de41477cb44	19eedffb-4311-4e50-9bf1-39bef9d2918c
s3://htseq_results/b9526f14-ff07-4af1-91cd-f724d1761853/b9526f14-ff07-4af1-91cd-f724d1761853.htseq.counts.gz	b9526f14-ff07-4af1-91cd-f724d1761853	8ffd330e-d8da-4c27-871c-89831a548f30	bdba5903-7faf-4acf-a0ff-620ee7679e3a
s3://htseq_results/6484ba80-6c7a-4a1d-a09c-4ecce57f971c/6484ba80-6c7a-4a1d-a09c-4ecce57f971c.htseq.counts.gz	6484ba80-6c7a-4a1d-a09c-4ecce57f971c	a121406a-30b2-4717-ae96-edcb17d911e2	a9f38299-4624-4dc3-bc11-d91ffda21cb0
s3://htseq_results/6556bf1a-8c0a-414a-a75e-3dda0a819f1d/6556bf1a-8c0a-414a-a75e-3dda0a819f1d.htseq.counts.gz	6556bf1a-8c0a-414a-a75e-3dda0a819f1d	047c0040-6eb9-4a05-923d-ec485585baac	e029ee59-8d15-46e6-915a-f343ec846db6
s3://bioinformatics_scratch/ad42f69f-a6d5-4d13-b348-cf4541c87b7d/ad42f69f-a6d5-4d13-b348-cf4541c87b7d.htseq.counts.gz	ad42f69f-a6d5-4d13-b348-cf4541c87b7d	81bc5a6f-3584-486d-8a8f-d976dcb666ff	49b464ce-dcf8-42fb-89df-1809f005e00f
s3://htseq_results/e749c448-20fb-4732-b8ee-c74177485245/e749c448-20fb-4732-b8ee-c74177485245.htseq.counts.gz	e749c448-20fb-4732-b8ee-c74177485245	db882417-af3c-4a86-9004-f7e943798409	183af17c-2941-42d9-b0ac-8479fe4f4516
s3://htseq_results/40613946-9ae9-4893-bbc8-170a2a09ccda/40613946-9ae9-4893-bbc8-170a2a09ccda.htseq.counts.gz	40613946-9ae9-4893-bbc8-170a2a09ccda	793f2df2-87a3-47e2-9cc1-a1a0e8487b51	1fcad7a0-4e7b-47ec-a302-7b3fe1180060
s3://htseq_results/8e82eab4-5a65-47ba-aa82-178159859ba5/8e82eab4-5a65-47ba-aa82-178159859ba5.htseq.counts.gz	8e82eab4-5a65-47ba-aa82-178159859ba5	4f81a5b5-b570-4331-a51b-4a65fc2e4e13	86502259-2c91-474e-a39c-ba0a4024c67d
s3://htseq_results/02d58612-fa28-4d8e-b933-95f5f01602d3/02d58612-fa28-4d8e-b933-95f5f01602d3.htseq.counts.gz	02d58612-fa28-4d8e-b933-95f5f01602d3	552e78bb-dc9e-4c73-82bd-93a4bbea3a3a	7c2a68eb-25a5-4c78-929e-6331fda46ee6
s3://htseq_results/4bf36a38-f5aa-4d9e-a1f4-15ab50ff1602/4bf36a38-f5aa-4d9e-a1f4-15ab50ff1602.htseq.counts.gz	4bf36a38-f5aa-4d9e-a1f4-15ab50ff1602	0c151271-2cf9-43f4-9e9b-fe927de43131	4d7fa11a-aac0-479b-8202-8ff8c9c1a5e3
s3://htseq_results/b0775fe5-a9f4-4be4-bd7d-37acfd5cc631/b0775fe5-a9f4-4be4-bd7d-37acfd5cc631.htseq.counts.gz	b0775fe5-a9f4-4be4-bd7d-37acfd5cc631	deace3d5-26fc-44d3-9f39-b5cde2c94152	ec5b3c38-d7ae-4064-bd16-f1d1a8f91482
s3://htseq_results/18687030-58f3-4fcd-92bb-6f20c830a47c/18687030-58f3-4fcd-92bb-6f20c830a47c.htseq.counts.gz	18687030-58f3-4fcd-92bb-6f20c830a47c	33c09cd7-2ccc-4a69-b738-79dfd9aa149d	edc22a5d-6565-4138-b4bd-9553325de48d
s3://htseq_results/bee0b937-f44a-4d88-9cd0-e16dd712a509/bee0b937-f44a-4d88-9cd0-e16dd712a509.htseq.counts.gz	bee0b937-f44a-4d88-9cd0-e16dd712a509	78412f82-cc55-43d5-96ca-1d02cf957725	850b8d7a-7d08-4b7f-ba8a-e77cd8dc308f
s3://htseq_results/fa7ca47b-d00c-4874-9fee-10bda0df72d2/fa7ca47b-d00c-4874-9fee-10bda0df72d2.htseq.counts.gz	fa7ca47b-d00c-4874-9fee-10bda0df72d2	e4245fff-1281-40e5-87b4-4e42a18a3a63	e6e94309-7a4e-4fd3-a91a-1e1ac5ae2ac3
s3://htseq_results/6790ad16-e56e-4a72-b7ff-0e262c2938ff/6790ad16-e56e-4a72-b7ff-0e262c2938ff.htseq.counts.gz	6790ad16-e56e-4a72-b7ff-0e262c2938ff	3cba0f75-a95d-43e5-815b-a2582a80df05	484c83d6-f68c-40f9-97e1-de52b72b5598
s3://htseq_results/48024be6-249c-472f-b366-f3dbe9c32219/48024be6-249c-472f-b366-f3dbe9c32219.htseq.counts.gz	48024be6-249c-472f-b366-f3dbe9c32219	beac52b4-ab6b-4f20-aeff-8c15990aa710	2d5bb19c-0df7-499a-891d-f67e6b202820
s3://htseq_results/376b5370-e44b-47fa-b878-b48d6899e7a5/376b5370-e44b-47fa-b878-b48d6899e7a5.htseq.counts.gz	376b5370-e44b-47fa-b878-b48d6899e7a5	f0c2cc3e-afdc-41b0-a892-3c0c00da5bc7	87043f01-2ccc-434c-87fd-a23f03528983
s3://htseq_results/2d197eef-91aa-442e-aecd-6fc7c699f802/2d197eef-91aa-442e-aecd-6fc7c699f802.htseq.counts.gz	2d197eef-91aa-442e-aecd-6fc7c699f802	072507cf-1249-4b28-86d4-3ab97822a74c	a888330c-d169-457b-b888-34aaee3957d3
s3://htseq_results/12e0d656-841f-4b74-b357-ee585ed51fe8/12e0d656-841f-4b74-b357-ee585ed51fe8.htseq.counts.gz	12e0d656-841f-4b74-b357-ee585ed51fe8	ed560804-50b9-488e-bfa9-33f20cb83106	5f3c72b6-7e67-4c19-8782-5f4bd801210c
s3://htseq_results/a5e07df6-2166-422f-b852-dc5da2e3a876/a5e07df6-2166-422f-b852-dc5da2e3a876.htseq.counts.gz	a5e07df6-2166-422f-b852-dc5da2e3a876	234a072c-f473-41bc-9d7a-39e0f949f7a5	b3a876ad-a52a-458a-bfb5-9bd6dd61b189
s3://htseq_results/a44f80d5-ca03-488e-82dd-64022e22cf94/a44f80d5-ca03-488e-82dd-64022e22cf94.htseq.counts.gz	a44f80d5-ca03-488e-82dd-64022e22cf94	ad4101b9-b9e3-4d41-8c88-424559012853	f81af218-2a0d-4fea-b6d7-4f2202ae055a
s3://htseq_results/16b0362f-9205-49dc-9e9e-8ec7a0ffcf88/16b0362f-9205-49dc-9e9e-8ec7a0ffcf88.htseq.counts.gz	16b0362f-9205-49dc-9e9e-8ec7a0ffcf88	f7a2b87f-c265-4cc5-a792-428756e31d8b	bd08e09d-7e95-40d6-ad89-30da191436dc
s3://htseq_results/2fc3d9c9-9d0c-47b4-b6f6-b0e45b0c9cd5/2fc3d9c9-9d0c-47b4-b6f6-b0e45b0c9cd5.htseq.counts.gz	2fc3d9c9-9d0c-47b4-b6f6-b0e45b0c9cd5	03301d0d-efee-4087-9fff-d1d4f53a924c	fd2fccb4-ea5c-4139-9dc3-25213f5345e4
s3://htseq_results/b20e4a85-9795-44e7-bf6b-6cce4317f45f/b20e4a85-9795-44e7-bf6b-6cce4317f45f.htseq.counts.gz	b20e4a85-9795-44e7-bf6b-6cce4317f45f	817a7f60-2d13-4372-9dcc-740da772740e	bcb48d20-0f0d-45f8-8359-e8fe99d4929b
s3://htseq_results/1f0f7598-d8c0-41ba-8b07-c958fecbb5f7/1f0f7598-d8c0-41ba-8b07-c958fecbb5f7.htseq.counts.gz	1f0f7598-d8c0-41ba-8b07-c958fecbb5f7	ae8bc8ea-29e6-4fe4-9095-d6d2655ee4f5	4b4f4cc6-011c-4ff3-a6a9-16f9cf99b4f1
s3://htseq_results/88306ab3-264f-4e3f-8073-4d606b084ed2/88306ab3-264f-4e3f-8073-4d606b084ed2.htseq.counts.gz	88306ab3-264f-4e3f-8073-4d606b084ed2	d80f601b-1064-4ff0-9c51-7f6afb22d1f5	02a8e571-141a-401d-95e3-06dc27a6bb0b
s3://htseq_results/d3c581ae-231c-43f4-b72f-5795fe23172b/d3c581ae-231c-43f4-b72f-5795fe23172b.htseq.counts.gz	d3c581ae-231c-43f4-b72f-5795fe23172b	7d0dbcb3-d024-4c20-a545-430c0d067fda	27d2d71b-457a-4673-aa7c-65198ef1308c
s3://htseq_results/36510044-fbb9-40dc-bce9-edfb2673a648/36510044-fbb9-40dc-bce9-edfb2673a648.htseq.counts.gz	36510044-fbb9-40dc-bce9-edfb2673a648	c0ce18e0-89bd-469d-8ca7-292f815cd34f	ca6307d1-172c-45ab-9237-de5b22b35d8c
s3://htseq_results/da2401e1-272d-4c13-8c48-7cb9d25f8d03/da2401e1-272d-4c13-8c48-7cb9d25f8d03.htseq.counts.gz	da2401e1-272d-4c13-8c48-7cb9d25f8d03	fcad8f85-0046-4fc9-9611-3bf8ac91e887	59b6740e-5e20-4993-9a1e-9b2ef87e4ab6
s3://htseq_results/5b3f631b-65f6-433e-ae54-ff54a4da4d9e/5b3f631b-65f6-433e-ae54-ff54a4da4d9e.htseq.counts.gz	5b3f631b-65f6-433e-ae54-ff54a4da4d9e	5570758c-1f07-4ff9-a570-b7ae39d15a89	37f12172-be7e-4f7d-8095-d3fc1ec7dd7d
s3://htseq_results/9f88f85d-3c23-4389-b488-f0b69f651301/9f88f85d-3c23-4389-b488-f0b69f651301.htseq.counts.gz	9f88f85d-3c23-4389-b488-f0b69f651301	87c5e2cb-0b2e-4f40-927b-5e1ad7de4824	5bd1027a-26ba-4375-a09a-bf301014902c
s3://htseq_results/8f7dcfcf-f912-4ef7-8bc4-c8a689bd7e82/8f7dcfcf-f912-4ef7-8bc4-c8a689bd7e82.htseq.counts.gz	8f7dcfcf-f912-4ef7-8bc4-c8a689bd7e82	36e36797-1059-4198-ac91-45b3fa50f683	89a750e5-c923-4f77-a889-74cbe2e4bf60
s3://htseq_results/c7027a32-8b18-4d8d-a9d1-ec1365041b97/c7027a32-8b18-4d8d-a9d1-ec1365041b97.htseq.counts.gz	c7027a32-8b18-4d8d-a9d1-ec1365041b97	ad7ba244-67fa-4155-8f13-424bdcbb12e5	8cc42683-2d39-4536-a797-28c4a731dc0a
s3://htseq_results/253e18cb-e9cc-4571-a802-d2d49f05df47/253e18cb-e9cc-4571-a802-d2d49f05df47.htseq.counts.gz	253e18cb-e9cc-4571-a802-d2d49f05df47	0843841b-afab-4831-9084-a850db85287c	d4c11d19-2467-4cb5-a351-d409cb3deea4
s3://htseq_results/f7b18d67-1e4e-46d3-8f70-e40863e56a39/f7b18d67-1e4e-46d3-8f70-e40863e56a39.htseq.counts.gz	f7b18d67-1e4e-46d3-8f70-e40863e56a39	ac8cadda-c01e-4e8d-9557-38e0a36c3210	0cefaa0a-0544-4ed9-89a2-0911fa2a59ae
s3://htseq_results/bdc6620a-b937-45ba-b7c6-7939c6cda0e0/bdc6620a-b937-45ba-b7c6-7939c6cda0e0.htseq.counts.gz	bdc6620a-b937-45ba-b7c6-7939c6cda0e0	b06cdf61-61c9-4035-a55d-1ef21dc21069	1d43f7a5-43ac-4861-b4a7-7bfce13ac2c5
s3://htseq_results/8b9e3751-9d6b-43cf-be29-f9c11a583b17/8b9e3751-9d6b-43cf-be29-f9c11a583b17.htseq.counts.gz	8b9e3751-9d6b-43cf-be29-f9c11a583b17	4a9a3a6d-090a-4c26-b16c-d65055f05628	30ddad44-9794-4b42-977b-743cc9def034
s3://htseq_results/6d389b94-8087-4a73-a91d-34b042933ff9/6d389b94-8087-4a73-a91d-34b042933ff9.htseq.counts.gz	6d389b94-8087-4a73-a91d-34b042933ff9	5cbf0134-023b-4bd0-97da-eb836ccbc729	cfca77a9-fcfb-4ab5-b969-2ae55a0cbd32
s3://bioinformatics_scratch/924afca6-26ba-4445-8d61-74bd5ae35685/924afca6-26ba-4445-8d61-74bd5ae35685.htseq.counts.gz	924afca6-26ba-4445-8d61-74bd5ae35685	c793250d-1553-48e1-b6b2-aaffdfe5d39b	d02d5b10-3d8e-4ecb-a644-b8fb547e6cf4
s3://htseq_results/be0ccd3b-6e6d-4720-978f-c0c5fa71d964/be0ccd3b-6e6d-4720-978f-c0c5fa71d964.htseq.counts.gz	be0ccd3b-6e6d-4720-978f-c0c5fa71d964	d66c9261-6c0c-44b0-92fa-a43757f34cb2	d10a636b-9077-4863-b993-4d5bddd549eb
s3://htseq_results/deeb9352-39d3-418c-a167-30735e6d4254/deeb9352-39d3-418c-a167-30735e6d4254.htseq.counts.gz	deeb9352-39d3-418c-a167-30735e6d4254	d4c9fd69-d447-4607-be1e-2b5f7ec15f90	403d9944-652b-4aa4-9669-dbdd319f4f39
s3://htseq_results/282d5085-1fdd-4040-af5d-35ac644e5235/282d5085-1fdd-4040-af5d-35ac644e5235.htseq.counts.gz	282d5085-1fdd-4040-af5d-35ac644e5235	635fedd0-4daf-4d97-958a-3e0f49c1a708	e898c733-ab9c-4bc1-b46b-0fe8c5e663d0
s3://htseq_results/2d01b816-8d0a-4fef-b895-48ed93e8ac38/2d01b816-8d0a-4fef-b895-48ed93e8ac38.htseq.counts.gz	2d01b816-8d0a-4fef-b895-48ed93e8ac38	421e845c-f4e8-4f46-bff6-9aaa9d208e81	e22f47b8-5c7b-4b38-be5e-1d19f004b111
s3://htseq_results/c7e25806-b532-43f0-bf5d-4d55c36a8e59/c7e25806-b532-43f0-bf5d-4d55c36a8e59.htseq.counts.gz	c7e25806-b532-43f0-bf5d-4d55c36a8e59	44e3fa7e-9a5f-438b-9c87-daa559e28d8d	c11fcc21-6f21-440a-9b48-90a68efea23b
s3://htseq_results/f14c66fc-5f6d-4767-b48b-27d6a87caf99/f14c66fc-5f6d-4767-b48b-27d6a87caf99.htseq.counts.gz	f14c66fc-5f6d-4767-b48b-27d6a87caf99	66e2fda4-23de-49c6-bb89-82e9edc56e4b	8e480b0b-95ed-43ed-989f-d755f1c8575c
s3://htseq_results/c108fd9d-d117-41fb-9b5d-5eff76751837/c108fd9d-d117-41fb-9b5d-5eff76751837.htseq.counts.gz	c108fd9d-d117-41fb-9b5d-5eff76751837	2d813726-b8a6-4719-9323-a7496547e156	0057e13d-5489-4c48-9772-9fd45db4d84f
s3://htseq_results/992df1bb-d4c6-4bb2-82c0-f93af6f212d2/992df1bb-d4c6-4bb2-82c0-f93af6f212d2.htseq.counts.gz	992df1bb-d4c6-4bb2-82c0-f93af6f212d2	5ee039ec-3414-4fb8-8299-0c8c5198a1eb	84675636-1d8c-474a-a4bf-baffcc36b5bf
s3://htseq_results/92a2f2ea-717f-42a9-80d6-fbc90ab7134c/92a2f2ea-717f-42a9-80d6-fbc90ab7134c.htseq.counts.gz	92a2f2ea-717f-42a9-80d6-fbc90ab7134c	b809c2f2-185c-496a-a1d4-589294443a1d	9e904de0-3768-4867-913a-1a95aef31105
s3://htseq_results/5079781b-14aa-4ff7-8ab8-b251e34a8eba/5079781b-14aa-4ff7-8ab8-b251e34a8eba.htseq.counts.gz	5079781b-14aa-4ff7-8ab8-b251e34a8eba	e15a108e-0b32-426f-926a-3fb1af0a82d3	176143e0-adb3-4791-8075-2cbc16601cd5
s3://htseq_results/7c01e365-30b2-4020-a7e7-17dad20035c0/7c01e365-30b2-4020-a7e7-17dad20035c0.htseq.counts.gz	7c01e365-30b2-4020-a7e7-17dad20035c0	d34c99b6-d90d-4328-86f8-e0152365e1ab	6ffa306c-0a98-4537-9d26-9f998190c912
s3://htseq_results/438e23c7-f71b-436b-8270-9cbfcf283925/438e23c7-f71b-436b-8270-9cbfcf283925.htseq.counts.gz	438e23c7-f71b-436b-8270-9cbfcf283925	4a540448-f106-4b0e-9038-9f7ccefc785b	ff70a8ae-3e2c-4d42-a3f0-d3c92472232a
s3://htseq_results/0d2efe0a-c0a9-4a75-bf04-b5dbf497b561/0d2efe0a-c0a9-4a75-bf04-b5dbf497b561.htseq.counts.gz	0d2efe0a-c0a9-4a75-bf04-b5dbf497b561	f24b772a-147e-4889-be23-e4ea10824d66	536c12e8-e352-4496-ae7d-ffaa19a592c3
s3://htseq_results/d3542f90-6a65-40e4-9f2c-6ae5df3adc8d/d3542f90-6a65-40e4-9f2c-6ae5df3adc8d.htseq.counts.gz	d3542f90-6a65-40e4-9f2c-6ae5df3adc8d	a614255d-9f1b-4e9a-8a50-435d4d123b3f	f3a29451-e125-4894-9d9a-c45d31e4d999
s3://htseq_results/91bad16d-bded-491a-95b4-f21ff7242a0e/91bad16d-bded-491a-95b4-f21ff7242a0e.htseq.counts.gz	91bad16d-bded-491a-95b4-f21ff7242a0e	f0f7e57f-1e9d-4f24-a685-a0811aacbbed	f6c5e9b3-f038-4994-a9f4-f4ccccebd4a7
s3://htseq_results/10fa89e2-d6b7-41a7-ae61-15553ffef531/10fa89e2-d6b7-41a7-ae61-15553ffef531.htseq.counts.gz	10fa89e2-d6b7-41a7-ae61-15553ffef531	e8c22f36-20ad-469f-8eac-fb52d8b2cd5c	34555f18-e818-4ac7-92ee-72dd09cfb811
s3://htseq_results/8ca718d6-8075-4e98-aaca-bc467dabc482/8ca718d6-8075-4e98-aaca-bc467dabc482.htseq.counts.gz	8ca718d6-8075-4e98-aaca-bc467dabc482	568bfbc4-a4e8-4808-b458-5eaf56e83c45	6ea88cea-a580-4060-854f-94d30936401a
s3://htseq_results/7a3c64e7-98bc-4cbf-8a2a-0c3314d46ad2/7a3c64e7-98bc-4cbf-8a2a-0c3314d46ad2.htseq.counts.gz	7a3c64e7-98bc-4cbf-8a2a-0c3314d46ad2	b877d608-e4e0-4b28-9235-01dd65849cf7	fc251d7a-291c-4244-a8e9-76471eddb4dc
s3://htseq_results/eb8075bd-a772-4ddf-b259-24dee752f8c6/eb8075bd-a772-4ddf-b259-24dee752f8c6.htseq.counts.gz	eb8075bd-a772-4ddf-b259-24dee752f8c6	6a29783c-117b-479d-9910-18d629c00c51	01fb6e45-0552-4af8-8723-3631dada7a90
s3://htseq_results/390219a7-b0fb-4ef6-95d0-71e705e49bfe/390219a7-b0fb-4ef6-95d0-71e705e49bfe.htseq.counts.gz	390219a7-b0fb-4ef6-95d0-71e705e49bfe	8b3de981-66cc-4aa6-9800-9cca6f8e1554	2c5b0f3e-89d4-45eb-a54a-b7222d706e31
s3://htseq_results/f4a8ce7c-a9cf-42d4-b88c-736d3814e089/f4a8ce7c-a9cf-42d4-b88c-736d3814e089.htseq.counts.gz	f4a8ce7c-a9cf-42d4-b88c-736d3814e089	d2748e35-4719-43c1-a533-b6b0cd9688c3	cb6abcbc-4b97-4754-99ed-c55bc211ef68
s3://htseq_results/04d0500a-42f5-4030-8c6c-ab4e512d113b/04d0500a-42f5-4030-8c6c-ab4e512d113b.htseq.counts.gz	04d0500a-42f5-4030-8c6c-ab4e512d113b	12fb96fd-c75e-4eb9-ad92-1a1ae7ad4749	613d06d9-597d-4027-9978-2673b93b67d9
s3://htseq_results/49025bb6-3da7-4e27-b8a3-c3815ede80eb/49025bb6-3da7-4e27-b8a3-c3815ede80eb.htseq.counts.gz	49025bb6-3da7-4e27-b8a3-c3815ede80eb	7f715b2e-fe7c-4a6e-95d1-fcab93b58f21	f2a2319f-6233-4a3a-bb2f-673cd9145686
s3://htseq_results/53d61714-a0fc-4bd6-bc04-b84cb0ce83b7/53d61714-a0fc-4bd6-bc04-b84cb0ce83b7.htseq.counts.gz	53d61714-a0fc-4bd6-bc04-b84cb0ce83b7	fa55865d-65b7-4587-800e-17b6b7f77517	1a8d61cf-2341-4f85-9da8-60a314be5860
s3://htseq_results/42085a56-f0b6-4f59-9e73-d63d087e5fb4/42085a56-f0b6-4f59-9e73-d63d087e5fb4.htseq.counts.gz	42085a56-f0b6-4f59-9e73-d63d087e5fb4	2272c592-b9b6-4483-9f7f-6e185699b900	257b1ca1-26d1-4888-8bc0-6b30d14d4509
s3://htseq_results/f1228d7b-6703-45b5-8675-93601a3e17c0/f1228d7b-6703-45b5-8675-93601a3e17c0.htseq.counts.gz	f1228d7b-6703-45b5-8675-93601a3e17c0	9d12d90a-4948-434a-8802-8e83fd5fe01d	f0c8c214-fd54-48c4-b813-6da97d70126e
s3://htseq_results/3d9262fe-d823-4bfe-8d49-d64744de8850/3d9262fe-d823-4bfe-8d49-d64744de8850.htseq.counts.gz	3d9262fe-d823-4bfe-8d49-d64744de8850	08a50ae7-179c-4241-8aed-79db6c218c90	e836c0b0-a1c7-4db0-8785-6d3a9864f363
s3://htseq_results/ec7dd079-297e-40b3-b1ea-de78e750ecf3/ec7dd079-297e-40b3-b1ea-de78e750ecf3.htseq.counts.gz	ec7dd079-297e-40b3-b1ea-de78e750ecf3	919e9d37-3c44-4d15-a246-b7af1c13c1b8	572f5ecb-6e4f-408e-bee0-8f93974a4cf3
s3://htseq_results/a219720c-41fa-4aae-87e2-42287a13622e/a219720c-41fa-4aae-87e2-42287a13622e.htseq.counts.gz	a219720c-41fa-4aae-87e2-42287a13622e	8b3c068d-5090-4030-8e7e-39da005dee79	82d185c7-5587-4b10-b209-5238311570d4
s3://htseq_results/f2b956bb-2268-4968-847d-898f5dc4be96/f2b956bb-2268-4968-847d-898f5dc4be96.htseq.counts.gz	f2b956bb-2268-4968-847d-898f5dc4be96	87971996-94d7-4e88-8ed5-e059db838af7	9d711f74-d1e7-49cc-9482-42ff86c214ba
s3://htseq_results/2f472f0e-99d7-4e14-b488-964bf8c02faf/2f472f0e-99d7-4e14-b488-964bf8c02faf.htseq.counts.gz	2f472f0e-99d7-4e14-b488-964bf8c02faf	34a19ed5-31a7-4ea4-91be-9fac72320e99	fb13fe41-3e06-4d25-919f-95eb117ae14c
s3://htseq_results/7811acca-6d83-4d63-917e-fbfa33b25878/7811acca-6d83-4d63-917e-fbfa33b25878.htseq.counts.gz	7811acca-6d83-4d63-917e-fbfa33b25878	ebef9db3-eedc-4015-940c-a8ccd07e0d25	589266f9-d830-48e6-9188-6e1e1dafeaf6
s3://htseq_results/63ef0e0b-c1c5-456f-8d81-d9da92c22116/63ef0e0b-c1c5-456f-8d81-d9da92c22116.htseq.counts.gz	63ef0e0b-c1c5-456f-8d81-d9da92c22116	0300e3a3-c278-4c20-8739-6d8aa24588cb	598985df-5dac-49cf-869d-8ded7e8c88b5
s3://htseq_results/890e77af-4b9d-417b-8cc1-7c3365155acb/890e77af-4b9d-417b-8cc1-7c3365155acb.htseq.counts.gz	890e77af-4b9d-417b-8cc1-7c3365155acb	75f5983b-553b-4a96-8625-867885e83db4	978a0c93-bd16-46a9-abfa-3875885aa873
s3://htseq_results/dba2964e-2676-4aca-af36-5de4bd1036b9/dba2964e-2676-4aca-af36-5de4bd1036b9.htseq.counts.gz	dba2964e-2676-4aca-af36-5de4bd1036b9	c1ea9a13-7f40-438b-a437-566d3d23f8bc	afd8a85c-8fa5-4b8a-b2a4-2b6933791973
s3://htseq_results/77acfb74-9209-4f4c-9110-cd441e3920d0/77acfb74-9209-4f4c-9110-cd441e3920d0.htseq.counts.gz	77acfb74-9209-4f4c-9110-cd441e3920d0	51ae5536-f55c-4fd6-b990-5d3add98de5c	2f422234-9f11-47e7-9241-de464f2b3250
s3://htseq_results/c66a4fc5-9935-47cd-b72b-5f013436e531/c66a4fc5-9935-47cd-b72b-5f013436e531.htseq.counts.gz	c66a4fc5-9935-47cd-b72b-5f013436e531	d8b73891-05e0-4ab5-ab2e-0acf8d03595c	323b6c3b-a058-4bea-a4fa-38752f26ca6c
s3://htseq_results/ff4c5ac9-fd9a-40a9-9d70-1c890ca04332/ff4c5ac9-fd9a-40a9-9d70-1c890ca04332.htseq.counts.gz	ff4c5ac9-fd9a-40a9-9d70-1c890ca04332	3db2fdbb-ef0e-4a5d-8fb2-4e6756d29b17	8504f4e3-9c72-441c-bf25-99e703c5d27d
s3://htseq_results/acf91e5b-fe69-4064-9a7f-eb4094c7ee62/acf91e5b-fe69-4064-9a7f-eb4094c7ee62.htseq.counts.gz	acf91e5b-fe69-4064-9a7f-eb4094c7ee62	1957fb63-be5a-4889-bbae-01dfbd286c4a	acd42e07-44a9-4499-a965-d278207484f1
s3://htseq_results/dee2e6fe-85ad-4ff3-9743-8054630dd06f/dee2e6fe-85ad-4ff3-9743-8054630dd06f.htseq.counts.gz	dee2e6fe-85ad-4ff3-9743-8054630dd06f	6208a0a6-104e-48e6-964c-39d120b418d3	b1b5fed3-7697-4d4f-9d7a-e7ed8a713b70
s3://htseq_results/cec22701-bbd9-4a5e-b3d1-0387a1dca4a5/cec22701-bbd9-4a5e-b3d1-0387a1dca4a5.htseq.counts.gz	cec22701-bbd9-4a5e-b3d1-0387a1dca4a5	5dfd6430-e602-415c-905a-a894076940e6	c760d14b-62ee-45a6-b384-409c73ca63aa
s3://htseq_results/74c76d08-67cf-468b-a021-f1c85de08785/74c76d08-67cf-468b-a021-f1c85de08785.htseq.counts.gz	74c76d08-67cf-468b-a021-f1c85de08785	b5e873c1-1050-4c92-a26c-684aa26faa99	bde7f675-08a0-443c-83e6-0f8662456c1c
s3://htseq_results/5268b288-0d2a-4363-86db-71eaff3bdcea/5268b288-0d2a-4363-86db-71eaff3bdcea.htseq.counts.gz	5268b288-0d2a-4363-86db-71eaff3bdcea	8af42b33-6ab7-4ea0-860d-f3af9177ee2d	dc85f8ca-afc0-4cb5-a776-44721d5dc128
s3://htseq_results/dbb2f140-f7ea-4fc3-b3f8-457c3a6965e0/dbb2f140-f7ea-4fc3-b3f8-457c3a6965e0.htseq.counts.gz	dbb2f140-f7ea-4fc3-b3f8-457c3a6965e0	08a50ae7-179c-4241-8aed-79db6c218c90	6428af76-433c-4a0a-b295-b2a37d11d93a
s3://htseq_results/b0f28a1b-4568-4cbb-991d-f6fa8a423351/b0f28a1b-4568-4cbb-991d-f6fa8a423351.htseq.counts.gz	b0f28a1b-4568-4cbb-991d-f6fa8a423351	03301d0d-efee-4087-9fff-d1d4f53a924c	414c5291-4482-4e71-88df-a9b868cff950
s3://htseq_results/aa1e3af8-db36-45a8-b15b-0b1ff726dcd3/aa1e3af8-db36-45a8-b15b-0b1ff726dcd3.htseq.counts.gz	aa1e3af8-db36-45a8-b15b-0b1ff726dcd3	5503f854-8eea-49b7-a196-bdc6c3c5815b	32d7a0c1-8c8f-4039-95ca-446d826b9f16
s3://htseq_results/8a59ce51-e22d-4932-87b5-051230ac30a7/8a59ce51-e22d-4932-87b5-051230ac30a7.htseq.counts.gz	8a59ce51-e22d-4932-87b5-051230ac30a7	1592435b-a79a-4fae-90f7-74b193777f08	42cba207-2920-4301-bc2a-f97d32e80949
s3://htseq_results/9e43a304-af34-4656-94be-fb9dcfdd5680/9e43a304-af34-4656-94be-fb9dcfdd5680.htseq.counts.gz	9e43a304-af34-4656-94be-fb9dcfdd5680	fb3aced2-4eb5-4b82-824f-e382a469bc15	53d0cb75-acca-47c0-855f-b45c9ffd1eac
s3://htseq_results/02f80b77-c836-4b00-a9c3-efd760d093b1/02f80b77-c836-4b00-a9c3-efd760d093b1.htseq.counts.gz	02f80b77-c836-4b00-a9c3-efd760d093b1	7bde24e1-8dc8-4359-827e-ffaef72898ef	ce1a2e95-29e2-4bb5-93c0-25cfd4928bab
s3://htseq_results/1cdddd9d-ec01-4323-86c9-977e1fa8c45e/1cdddd9d-ec01-4323-86c9-977e1fa8c45e.htseq.counts.gz	1cdddd9d-ec01-4323-86c9-977e1fa8c45e	1a726069-0b44-42ad-9a20-0ee90b31796b	337214b1-e061-4789-a364-e894a74c4a6e
s3://htseq_results/11026b22-3c57-4fe8-864f-ca744c9d9857/11026b22-3c57-4fe8-864f-ca744c9d9857.htseq.counts.gz	11026b22-3c57-4fe8-864f-ca744c9d9857	886ce4a0-a78d-4976-9667-041385c9b6d5	aaa6c361-d7d1-450d-875c-dc6866a44bb4
s3://htseq_results/b8487bc9-f14b-40e4-b443-8624382b2121/b8487bc9-f14b-40e4-b443-8624382b2121.htseq.counts.gz	b8487bc9-f14b-40e4-b443-8624382b2121	f76bb0cc-eb45-4a2b-9961-e94641a53dab	041d5fcd-8afc-4c96-a43b-ed6689bd94cc
s3://htseq_results/4f317009-8ba2-40aa-b795-9f4a91ceb982/4f317009-8ba2-40aa-b795-9f4a91ceb982.htseq.counts.gz	4f317009-8ba2-40aa-b795-9f4a91ceb982	87ae9d51-7397-4dca-87a4-7b0f20321729	a63458a8-5d84-4689-9fd9-ec0f29d8e505
s3://htseq_results/adc36ba8-6fa9-47b0-8ab8-0dc047351970/adc36ba8-6fa9-47b0-8ab8-0dc047351970.htseq.counts.gz	adc36ba8-6fa9-47b0-8ab8-0dc047351970	4edd92e1-5da5-49a3-80e4-fa456aa425b8	12ecf406-9bce-4813-84a5-46819c48265b
s3://htseq_results/2c0e8dcf-b1ca-4d61-885f-039e5e8bcf63/2c0e8dcf-b1ca-4d61-885f-039e5e8bcf63.htseq.counts.gz	2c0e8dcf-b1ca-4d61-885f-039e5e8bcf63	2030e10b-a4c2-460f-9e29-90c8a76ea05e	722ba628-d4b7-41f3-9690-4305f868f3fe
s3://htseq_results/891a21c3-db33-46bf-83a8-412de8537f2b/891a21c3-db33-46bf-83a8-412de8537f2b.htseq.counts.gz	891a21c3-db33-46bf-83a8-412de8537f2b	10d3a64b-22d0-4846-8972-d78173deca2c	d1078a27-57b4-42df-875d-4a2c38c63680
s3://htseq_results/4420ad53-b47c-4e60-9abe-bff8b2561946/4420ad53-b47c-4e60-9abe-bff8b2561946.htseq.counts.gz	4420ad53-b47c-4e60-9abe-bff8b2561946	ac20ec63-1615-4cd3-966f-1e786077af75	495df33f-1359-4f56-bbf0-8f11ee8b7039
s3://htseq_results/acff4513-3a8a-412f-9613-5e2be365d58a/acff4513-3a8a-412f-9613-5e2be365d58a.htseq.counts.gz	acff4513-3a8a-412f-9613-5e2be365d58a	e08c161c-a9ac-4001-b567-2c15bef66fd5	88c52e7b-77ac-4c7b-9c3c-0be2135811a2
s3://htseq_results/ec2c1849-c1c0-45f0-91f5-724f587fd9ed/ec2c1849-c1c0-45f0-91f5-724f587fd9ed.htseq.counts.gz	ec2c1849-c1c0-45f0-91f5-724f587fd9ed	3eafd07f-49f4-4e16-a4f5-8c43ff40fb90	2ae61701-4a53-4f5f-be5c-7ff978b458b1
s3://htseq_results/3d8a6f49-654a-4f69-93d0-5c7f4f2159f6/3d8a6f49-654a-4f69-93d0-5c7f4f2159f6.htseq.counts.gz	3d8a6f49-654a-4f69-93d0-5c7f4f2159f6	fcb7ed90-6c6b-4420-8d5b-4fc6f763adaa	e2a9aab4-6aa4-4609-a659-18de75283081
s3://htseq_results/ba1a9f7c-9f81-4393-a99b-801f9d3807a6/ba1a9f7c-9f81-4393-a99b-801f9d3807a6.htseq.counts.gz	ba1a9f7c-9f81-4393-a99b-801f9d3807a6	925ae8ff-3200-4564-be76-94db0984b027	fae0aab4-41f6-4315-af1c-6d82c1106157
s3://htseq_results/50fa6505-9e58-4a26-9111-102981e9f211/50fa6505-9e58-4a26-9111-102981e9f211.htseq.counts.gz	50fa6505-9e58-4a26-9111-102981e9f211	519615e6-8847-4ed5-a409-b6b183ff3f06	59c54512-f740-4ba2-9243-ca71942b0ff7
s3://htseq_results/a6b7bdf8-f51b-459b-bcdb-1eb3e0eb56a3/a6b7bdf8-f51b-459b-bcdb-1eb3e0eb56a3.htseq.counts.gz	a6b7bdf8-f51b-459b-bcdb-1eb3e0eb56a3	27fb01ac-3ea8-4dd5-8479-d89cdef1a118	c6c8c326-92f3-4226-8816-43b257b3ec9f
s3://htseq_results/d3c2c9e1-9f6f-47df-b326-e6afc486483f/d3c2c9e1-9f6f-47df-b326-e6afc486483f.htseq.counts.gz	d3c2c9e1-9f6f-47df-b326-e6afc486483f	f900767e-097b-4def-8a74-78fb042a039d	48540acb-3cf7-45a7-91dd-1fa2deccbe03
s3://htseq_results/09614840-ead9-4542-89b8-ec8ff8950db0/09614840-ead9-4542-89b8-ec8ff8950db0.htseq.counts.gz	09614840-ead9-4542-89b8-ec8ff8950db0	d3a226c3-a15c-4b3b-985b-211650cf0380	6d8543de-7181-421d-a70c-d9764536278a
s3://htseq_results/72c70900-f879-4519-8bc4-23483122c2e5/72c70900-f879-4519-8bc4-23483122c2e5.htseq.counts.gz	72c70900-f879-4519-8bc4-23483122c2e5	725802a7-d2cb-4c4a-b20e-980ca1056ada	10c56667-ad68-4da2-8090-1c79c4aec3e3
s3://htseq_results/21d52318-3b01-49dc-aa80-59426c05281c/21d52318-3b01-49dc-aa80-59426c05281c.htseq.counts.gz	21d52318-3b01-49dc-aa80-59426c05281c	51de632d-e3ec-4995-90df-01b894cd68f6	ee410b10-7225-499d-94a0-99e63a90889d
s3://htseq_results/f440449e-a22f-49db-9206-9e615bc1dfc0/f440449e-a22f-49db-9206-9e615bc1dfc0.htseq.counts.gz	f440449e-a22f-49db-9206-9e615bc1dfc0	8d28f586-3de5-4033-a9fd-4f67be406fb4	cfc2ea3a-5c54-4bcb-99e9-cf43ceebb823
s3://htseq_results/239933ad-ca2c-4853-91bd-7525ffe88150/239933ad-ca2c-4853-91bd-7525ffe88150.htseq.counts.gz	239933ad-ca2c-4853-91bd-7525ffe88150	dacfb24c-dc54-488c-9ad3-520ad061f1b5	03773f94-5d7a-49d5-a1ed-1e1acad5e298
s3://htseq_results/799b5a2a-e001-49c2-bf0e-167b84a2309d/799b5a2a-e001-49c2-bf0e-167b84a2309d.htseq.counts.gz	799b5a2a-e001-49c2-bf0e-167b84a2309d	104604c8-2cb5-4538-b964-dbff3b6bc19f	38b432b3-c4db-43ba-91c5-d68343f9ec03
s3://htseq_results/d1e05ec2-bbda-4254-9908-ac226640a5be/d1e05ec2-bbda-4254-9908-ac226640a5be.htseq.counts.gz	d1e05ec2-bbda-4254-9908-ac226640a5be	e6831884-67a2-4ce4-bdfa-49e5e208eae8	4ede0aec-1fdd-439f-800f-9ba681271b9a
s3://htseq_results/4730c90a-f900-4137-afc4-5589c6408194/4730c90a-f900-4137-afc4-5589c6408194.htseq.counts.gz	4730c90a-f900-4137-afc4-5589c6408194	85fcd432-abf4-4bb7-8039-2de41477cb44	736e48e2-901c-441c-8336-d63e1451682e
s3://htseq_results/289f5ff8-da39-4b95-a374-56bdbb866e49/289f5ff8-da39-4b95-a374-56bdbb866e49.htseq.counts.gz	289f5ff8-da39-4b95-a374-56bdbb866e49	8b3c068d-5090-4030-8e7e-39da005dee79	449ad673-a2d6-4168-a33e-5fa3230052cd
s3://htseq_results/31831b63-194f-4031-bb8f-ac74e4d5ea16/31831b63-194f-4031-bb8f-ac74e4d5ea16.htseq.counts.gz	31831b63-194f-4031-bb8f-ac74e4d5ea16	e5641df6-0d4f-4613-a012-c953f8b2017e	8c98ce69-de64-4774-a664-b5d1a924b0f3
s3://htseq_results/8039b179-b990-4963-b565-4a90afe89b0f/8039b179-b990-4963-b565-4a90afe89b0f.htseq.counts.gz	8039b179-b990-4963-b565-4a90afe89b0f	98a639c2-d615-4dc1-98f0-298752b69b09	23a1c2b7-3ff3-40b2-b0c9-468a8b6fcd7d
s3://htseq_results/84c8bf6a-73b4-4c31-b45a-842490f8662b/84c8bf6a-73b4-4c31-b45a-842490f8662b.htseq.counts.gz	84c8bf6a-73b4-4c31-b45a-842490f8662b	49a756a9-7125-4b1d-bcfc-6cc44bdf26f6	b7b762cd-ac84-4ced-a058-36f8a9468b21
s3://htseq_results/b36d3864-0d7a-4362-9bc4-89e5e16e5c25/b36d3864-0d7a-4362-9bc4-89e5e16e5c25.htseq.counts.gz	b36d3864-0d7a-4362-9bc4-89e5e16e5c25	12fb96fd-c75e-4eb9-ad92-1a1ae7ad4749	69db99f3-ba66-4d76-9067-d3d09149d4a2
s3://htseq_results/76755541-6a18-45d4-b4c5-13785ca9c586/76755541-6a18-45d4-b4c5-13785ca9c586.htseq.counts.gz	76755541-6a18-45d4-b4c5-13785ca9c586	7ef7c87e-6f11-4b9b-bb74-3c86036c8d20	0b9067da-9027-44a1-b2cc-dceb404ef7a2
s3://htseq_results/73bd0051-b4b9-4156-85cc-e550c32080f1/73bd0051-b4b9-4156-85cc-e550c32080f1.htseq.counts.gz	73bd0051-b4b9-4156-85cc-e550c32080f1	d1a96a7a-2b11-48ce-869e-1fa19c1eb0a5	5cfe15b6-13b5-426b-ab95-9a6bafd56819
s3://htseq_results/85d6e845-7e0b-49e9-90df-43b8b83d839c/85d6e845-7e0b-49e9-90df-43b8b83d839c.htseq.counts.gz	85d6e845-7e0b-49e9-90df-43b8b83d839c	6369a2b1-921b-4d35-a0c8-6edac508a702	b598c4fd-14e6-476e-852a-83d396ec2d0f
s3://htseq_results/f58dd09b-3d4d-4608-a88a-b2a0c92410c6/f58dd09b-3d4d-4608-a88a-b2a0c92410c6.htseq.counts.gz	f58dd09b-3d4d-4608-a88a-b2a0c92410c6	1f298bcc-c8d0-43bd-8ca6-5c160922b607	cd1688d0-04df-4275-a406-b6240d3a05b8
s3://htseq_results/17b0ff2d-edbf-4be5-915e-2be34d522a15/17b0ff2d-edbf-4be5-915e-2be34d522a15.htseq.counts.gz	17b0ff2d-edbf-4be5-915e-2be34d522a15	cfc6f9ef-73b1-46af-b4c8-94fdd34f4584	15c8af47-df6a-4cb5-a389-4ef6c2eb3501
s3://htseq_results/c9b7c74e-b910-4dfb-8f71-5f3eeee5ff77/c9b7c74e-b910-4dfb-8f71-5f3eeee5ff77.htseq.counts.gz	c9b7c74e-b910-4dfb-8f71-5f3eeee5ff77	8fc6b46b-1c60-40b1-8924-0c2c9307c6e0	ac1953f4-a6d8-40c8-9ba8-b5a38726c6e7
s3://htseq_results/ebb81ce2-4d29-419c-ae4a-3becd7ba22de/ebb81ce2-4d29-419c-ae4a-3becd7ba22de.htseq.counts.gz	ebb81ce2-4d29-419c-ae4a-3becd7ba22de	a5b3de4c-f3fa-414c-b809-59c3c1438aa7	cbf842bf-9549-40dd-b83d-9cbda5f361b9
s3://htseq_results/4022b015-99bb-4db7-9769-f96609018011/4022b015-99bb-4db7-9769-f96609018011.htseq.counts.gz	4022b015-99bb-4db7-9769-f96609018011	cfbeefdc-667f-4df0-967f-74b625f0d96a	108c3fda-c681-4030-8a51-c21b0108b78e
s3://htseq_results/058e5666-b35d-4a9f-aef0-34570e18f2fe/058e5666-b35d-4a9f-aef0-34570e18f2fe.htseq.counts.gz	058e5666-b35d-4a9f-aef0-34570e18f2fe	71b35cd8-ecee-4599-bb24-b1ef78118423	77144430-5eb5-4ac4-9e08-460911d9a614
s3://htseq_results/f2d0a255-cfa5-491f-9f6f-95c7c26cc467/f2d0a255-cfa5-491f-9f6f-95c7c26cc467.htseq.counts.gz	f2d0a255-cfa5-491f-9f6f-95c7c26cc467	3d3e1db7-716b-4f0f-84b9-2d2f11c9390f	c65cc611-3fce-4c3f-b37e-64290241adfd
s3://htseq_results/e4a5faf6-8794-41ce-b475-ad0506665413/e4a5faf6-8794-41ce-b475-ad0506665413.htseq.counts.gz	e4a5faf6-8794-41ce-b475-ad0506665413	4e244c64-8fb6-4689-a306-3d5ed5c6cca5	5dc4504a-2863-442e-a688-1cd7bd6404b8
s3://htseq_results/b4436726-df11-410d-862e-aa54105a8c3e/b4436726-df11-410d-862e-aa54105a8c3e.htseq.counts.gz	b4436726-df11-410d-862e-aa54105a8c3e	9fc40b03-0b56-4b1f-93ed-dbc455ae3fd9	33fb74dc-e9cf-4cd1-b997-6e1b239fb9e4
s3://htseq_results/cfd06ff6-87b9-4ad3-8ebf-3bb6299449a5/cfd06ff6-87b9-4ad3-8ebf-3bb6299449a5.htseq.counts.gz	cfd06ff6-87b9-4ad3-8ebf-3bb6299449a5	53d40ba3-c33b-4139-967d-5110884237a3	675ebba3-8b36-4c28-b6c2-9e22633ecceb
s3://htseq_results/5f8132cf-0430-467a-8e6c-982b390b35f4/5f8132cf-0430-467a-8e6c-982b390b35f4.htseq.counts.gz	5f8132cf-0430-467a-8e6c-982b390b35f4	f8ac66a2-16a5-4230-986b-1da8d0a61361	6d63f739-c10c-4d38-b7d8-fd40aa5c4b6f
s3://htseq_results/25bf1dc0-2731-4eb3-8ada-165cb82f6b1e/25bf1dc0-2731-4eb3-8ada-165cb82f6b1e.htseq.counts.gz	25bf1dc0-2731-4eb3-8ada-165cb82f6b1e	42d044ae-1416-477d-ac80-779c49bc8d35	278030c0-cf38-4aee-bdb2-b918f009a658
s3://htseq_results/7c95d000-4e57-457b-b853-91fedb197c8d/7c95d000-4e57-457b-b853-91fedb197c8d.htseq.counts.gz	7c95d000-4e57-457b-b853-91fedb197c8d	7c1f5540-ba4f-498d-ac15-b395197ec5f3	da4715ac-6d8c-485e-84d1-ecc11b685878
s3://htseq_results/abbfed03-c0bd-40b4-820e-2386aa6e7850/abbfed03-c0bd-40b4-820e-2386aa6e7850.htseq.counts.gz	abbfed03-c0bd-40b4-820e-2386aa6e7850	04ca8ab0-c10c-4300-8244-108ebc304410	0772e500-fa9e-4912-b78f-ee5dc3f60c29
s3://htseq_results/d48d198d-fec1-4a92-9822-b03d77c8ea37/d48d198d-fec1-4a92-9822-b03d77c8ea37.htseq.counts.gz	d48d198d-fec1-4a92-9822-b03d77c8ea37	db7d3240-9fbd-432e-83ee-7226a6dcb9ce	d21fb27d-34af-4386-a20d-d6a6eb891f9b
s3://htseq_results/890c741a-d417-4d86-9068-4b8805518acb/890c741a-d417-4d86-9068-4b8805518acb.htseq.counts.gz	890c741a-d417-4d86-9068-4b8805518acb	36182304-2db7-446a-929c-7e43a47d863a	3caa0680-0883-4b8e-a92f-cdd6096688c5
s3://htseq_results/ece0fe94-ea0b-4d38-bd30-a6bf9c1f3367/ece0fe94-ea0b-4d38-bd30-a6bf9c1f3367.htseq.counts.gz	ece0fe94-ea0b-4d38-bd30-a6bf9c1f3367	a904ce56-42e6-4e61-ab62-cdf8192afbb4	cf6f18ea-b5fd-45a1-8f66-57fa12ab6d56
s3://htseq_results/318310b3-2436-4533-b738-00477eafad0a/318310b3-2436-4533-b738-00477eafad0a.htseq.counts.gz	318310b3-2436-4533-b738-00477eafad0a	f00224ff-eb5d-4e46-ac9c-02fd7230f0c2	bb0bdc3d-a1c4-4a12-b126-5c43ee8b9162
s3://htseq_results/7bbdacff-8a0a-4575-9386-1a50428ca266/7bbdacff-8a0a-4575-9386-1a50428ca266.htseq.counts.gz	7bbdacff-8a0a-4575-9386-1a50428ca266	43d92569-fe5d-4eeb-a9cc-f7cd26fb3284	e1788048-2730-4c02-9745-00d1ce97f34b
s3://htseq_results/a05ad788-3f8e-4b01-9ddd-fd6643efc4c7/a05ad788-3f8e-4b01-9ddd-fd6643efc4c7.htseq.counts.gz	a05ad788-3f8e-4b01-9ddd-fd6643efc4c7	45da55a6-aa58-49af-9a28-95b8ca2d4614	30ed88e3-55ce-45de-bcec-b6ed37297cc5
s3://htseq_results/be0ed1d4-ca61-4574-9efe-0177b00c9f09/be0ed1d4-ca61-4574-9efe-0177b00c9f09.htseq.counts.gz	be0ed1d4-ca61-4574-9efe-0177b00c9f09	d9405dd0-ab00-4aac-9ba3-1e2bc43305da	71ddb672-ef76-48b7-a76b-3d97dcf4d6d1
s3://htseq_results/100de467-b07f-43e8-b1a5-7d37ef9cc02e/100de467-b07f-43e8-b1a5-7d37ef9cc02e.htseq.counts.gz	100de467-b07f-43e8-b1a5-7d37ef9cc02e	72cc3423-d214-4035-b934-0d4e4b806b6c	fc64c379-1064-4bcd-a40e-305f2da1f1f7
s3://htseq_results/e9cf91c3-db89-4855-9d40-d66f9fb49225/e9cf91c3-db89-4855-9d40-d66f9fb49225.htseq.counts.gz	e9cf91c3-db89-4855-9d40-d66f9fb49225	f94fc471-74f8-4774-9f28-95533293fc1d	31766e6a-4527-4be0-9496-3ec7e2acb2a0
s3://htseq_results/d8d41f28-cb3b-49cb-80d3-a473886a1761/d8d41f28-cb3b-49cb-80d3-a473886a1761.htseq.counts.gz	d8d41f28-cb3b-49cb-80d3-a473886a1761	a121406a-30b2-4717-ae96-edcb17d911e2	e6235816-bce0-4daf-b1ee-3aade6592470
s3://htseq_results/9be4180a-f152-49ab-87ec-37b40f9b3379/9be4180a-f152-49ab-87ec-37b40f9b3379.htseq.counts.gz	9be4180a-f152-49ab-87ec-37b40f9b3379	b11234b9-93d5-46df-bb67-110d6ed3e664	fa5377b9-8285-4101-8378-2dbe0820eaa2
s3://htseq_results/bd595078-3d80-429a-8f18-d1f1981ba302/bd595078-3d80-429a-8f18-d1f1981ba302.htseq.counts.gz	bd595078-3d80-429a-8f18-d1f1981ba302	69e6da3c-2a03-48bc-bc2a-019b21820149	e9c00f20-f657-4322-8294-d71ee0469c76
s3://htseq_results/e23ac18b-c711-41be-bce9-34de114b87a9/e23ac18b-c711-41be-bce9-34de114b87a9.htseq.counts.gz	e23ac18b-c711-41be-bce9-34de114b87a9	1d9d253f-2de6-4eb6-8514-8ed3b041a83b	fc1359a0-6ebb-4b99-983d-53b4343e43d2
s3://htseq_results/fa698ead-9c4d-4f90-856e-643f46a5fe0f/fa698ead-9c4d-4f90-856e-643f46a5fe0f.htseq.counts.gz	fa698ead-9c4d-4f90-856e-643f46a5fe0f	ce0f2e87-6c46-45b5-8df7-3ba32e48ce52	9e197f2d-f9bc-4f6e-9f7d-03c69843e6ed
s3://htseq_results/7ffecc62-22a9-43fc-827f-151ebb62bc81/7ffecc62-22a9-43fc-827f-151ebb62bc81.htseq.counts.gz	7ffecc62-22a9-43fc-827f-151ebb62bc81	adc5e117-f01a-4e4b-bcb8-3d1a726b01a1	db64f570-6041-468c-8639-f20cee05d331
s3://htseq_results/7d7a158f-7aca-4dd1-a726-bd5fc961f67d/7d7a158f-7aca-4dd1-a726-bd5fc961f67d.htseq.counts.gz	7d7a158f-7aca-4dd1-a726-bd5fc961f67d	646241fe-e202-4e72-ae61-84f577488968	15f3d37e-ccb8-4739-91c4-9fda63aa70ea
s3://htseq_results/f2b1dbae-e5d1-48fd-9241-f93c172e6099/f2b1dbae-e5d1-48fd-9241-f93c172e6099.htseq.counts.gz	f2b1dbae-e5d1-48fd-9241-f93c172e6099	6c15b31b-6942-43a9-b698-701a61430e30	4614714b-3272-4d73-a0a1-f425e56305d7
s3://htseq_results/5d5c9e4d-23d8-4e99-9722-fe5d5e35941d/5d5c9e4d-23d8-4e99-9722-fe5d5e35941d.htseq.counts.gz	5d5c9e4d-23d8-4e99-9722-fe5d5e35941d	21415ae7-dad6-40c4-be9d-3f881b558fbd	d5748a30-f16e-4b7e-aa91-c0c46192f498
s3://htseq_results/0aae8953-d198-4e4e-a44e-b2eaad25b85d/0aae8953-d198-4e4e-a44e-b2eaad25b85d.htseq.counts.gz	0aae8953-d198-4e4e-a44e-b2eaad25b85d	17846514-9a0a-40cd-8841-227e32a0c7db	1fcbdbc8-c470-44be-8984-9a4e7eff50e4
s3://htseq_results/87750d4d-e6b4-41d2-b0e2-2d7aaeac6462/87750d4d-e6b4-41d2-b0e2-2d7aaeac6462.htseq.counts.gz	87750d4d-e6b4-41d2-b0e2-2d7aaeac6462	f24b772a-147e-4889-be23-e4ea10824d66	3d65a2e5-ad45-44bc-8cab-95ddef921f2c
s3://htseq_results/8dd52cc4-e9f8-485a-8135-adb966c4a484/8dd52cc4-e9f8-485a-8135-adb966c4a484.htseq.counts.gz	8dd52cc4-e9f8-485a-8135-adb966c4a484	44f39f41-cf63-421d-ad56-513beb72d9ca	9c8a31ca-d2c2-4d73-b677-e73c9fae28ee
s3://htseq_results/682a59ed-c1d8-41d6-bbaa-761a3c56c42f/682a59ed-c1d8-41d6-bbaa-761a3c56c42f.htseq.counts.gz	682a59ed-c1d8-41d6-bbaa-761a3c56c42f	d48bec14-6466-4924-a9e1-a37e31fcf83c	deb03cb1-f179-4be6-9a80-10f6cb852118
s3://htseq_results/993b0328-c88e-4909-bbb0-1bcdce13d2b6/993b0328-c88e-4909-bbb0-1bcdce13d2b6.htseq.counts.gz	993b0328-c88e-4909-bbb0-1bcdce13d2b6	6014f16b-5f3d-43ec-b8a7-7cf99583101a	006a20a9-db99-45f1-a6d6-77ad2c2c1198
s3://htseq_results/468659db-5a77-4810-a6af-3bcb9244dbb8/468659db-5a77-4810-a6af-3bcb9244dbb8.htseq.counts.gz	468659db-5a77-4810-a6af-3bcb9244dbb8	7f677700-65c8-4d17-b6ae-520869ba1bbd	0db9c1c6-7061-49d6-b60e-9f48b857299c
s3://htseq_results/bcb5cb41-7daf-4f28-9dcd-2d0cab7c45f5/bcb5cb41-7daf-4f28-9dcd-2d0cab7c45f5.htseq.counts.gz	bcb5cb41-7daf-4f28-9dcd-2d0cab7c45f5	e5641df6-0d4f-4613-a012-c953f8b2017e	5ff01070-167d-43b6-bb87-88b2f82b99ba
s3://htseq_results/80ae5192-3d8d-4a40-bbc7-93761883b084/80ae5192-3d8d-4a40-bbc7-93761883b084.htseq.counts.gz	80ae5192-3d8d-4a40-bbc7-93761883b084	dc4b12b4-9b0d-4015-8e97-9f8756e24485	978fdf4e-b050-4924-8aa2-170a2bff15fa
s3://htseq_results/4cf63dd3-13a6-4f2a-a560-70f793d9b525/4cf63dd3-13a6-4f2a-a560-70f793d9b525.htseq.counts.gz	4cf63dd3-13a6-4f2a-a560-70f793d9b525	421e845c-f4e8-4f46-bff6-9aaa9d208e81	197d081a-c438-40f0-83ab-d2f5adaba583
s3://htseq_results/2447bf34-31cc-4c9a-8521-77f45a92ed97/2447bf34-31cc-4c9a-8521-77f45a92ed97.htseq.counts.gz	2447bf34-31cc-4c9a-8521-77f45a92ed97	8e50e35f-3fb3-4f1a-b4d5-4bacd31bb0bd	3ac3fcc8-857d-43f4-8038-8af00584373c
s3://htseq_results/362cf7cd-7408-43ba-8295-a6c72106170f/362cf7cd-7408-43ba-8295-a6c72106170f.htseq.counts.gz	362cf7cd-7408-43ba-8295-a6c72106170f	d80f601b-1064-4ff0-9c51-7f6afb22d1f5	7559d95d-0a25-497d-a5c9-e07dd95d80e8
s3://htseq_results/f1d0dfc0-9d5f-415e-8a81-84e1c3b63609/f1d0dfc0-9d5f-415e-8a81-84e1c3b63609.htseq.counts.gz	f1d0dfc0-9d5f-415e-8a81-84e1c3b63609	0db35585-c319-4feb-b157-41fa14f9aa11	37393621-1402-4966-8d1c-6ee5212a8cd9
s3://htseq_results/de0262c2-bccb-418d-acc3-4ce4afe3e78e/de0262c2-bccb-418d-acc3-4ce4afe3e78e.htseq.counts.gz	de0262c2-bccb-418d-acc3-4ce4afe3e78e	9fc9c087-0c82-49ea-8437-861a3029c3d4	76ba2e2d-7799-4a6c-8074-0320ad7196b6
s3://htseq_results/e1337bed-1fa2-4e98-8619-11dd65839e6f/e1337bed-1fa2-4e98-8619-11dd65839e6f.htseq.counts.gz	e1337bed-1fa2-4e98-8619-11dd65839e6f	c20b1007-0111-4ef6-9df5-14da6094fca1	8cb0181b-4602-40d7-afe9-762f7bc98b04
s3://htseq_results/8ad07d37-fdcb-4396-ab8f-42915d6fd2f8/8ad07d37-fdcb-4396-ab8f-42915d6fd2f8.htseq.counts.gz	8ad07d37-fdcb-4396-ab8f-42915d6fd2f8	0e065977-9138-4aed-9c9f-24e475f214c4	c429f494-4771-463c-9d7a-0d5e8e0220fb
s3://htseq_results/7c52bc71-1caf-4d51-aec7-a1e08f9c31d2/7c52bc71-1caf-4d51-aec7-a1e08f9c31d2.htseq.counts.gz	7c52bc71-1caf-4d51-aec7-a1e08f9c31d2	1bf54408-b5cb-45dc-ad03-ef2866a0ff59	2f9bd820-0ddc-449a-b528-6e4ab823a39a
s3://htseq_results/51704b89-eb0c-48bb-931f-170651def40e/51704b89-eb0c-48bb-931f-170651def40e.htseq.counts.gz	51704b89-eb0c-48bb-931f-170651def40e	c573a2f6-2404-4978-8ddc-91af27bab7c6	da271fcc-72b4-442e-9ce2-c03b68947003
s3://htseq_results/c14ab711-0c5e-4d6e-830c-5fbeb8dd2bdc/c14ab711-0c5e-4d6e-830c-5fbeb8dd2bdc.htseq.counts.gz	c14ab711-0c5e-4d6e-830c-5fbeb8dd2bdc	1db41963-a520-47f0-828c-ed5c626507b1	06e6ef85-0e04-4473-bbfb-2b277c36b54e
s3://htseq_results/86054d1c-d159-4b8e-a4bc-db3aa4ddf923/86054d1c-d159-4b8e-a4bc-db3aa4ddf923.htseq.counts.gz	86054d1c-d159-4b8e-a4bc-db3aa4ddf923	f9c593d1-f204-4026-8a9b-a6af0922c885	0a0d8685-150d-4c74-9223-d56776efecee
s3://htseq_results/4b74c355-7a7b-46a1-b4e8-7dd61c02cfda/4b74c355-7a7b-46a1-b4e8-7dd61c02cfda.htseq.counts.gz	4b74c355-7a7b-46a1-b4e8-7dd61c02cfda	6bed7cf2-4573-4757-adb3-032adc490ecd	5a6850cf-d5db-44b1-96a4-0529060a1b5b
s3://htseq_results/28173f93-70cd-45b5-958e-5254bbc98089/28173f93-70cd-45b5-958e-5254bbc98089.htseq.counts.gz	28173f93-70cd-45b5-958e-5254bbc98089	6988cf52-1e6e-4ed5-922b-044cf08a4553	876df203-5f12-4165-a747-f2bece2b95cd
s3://htseq_results/e4136eec-5645-4e72-a526-380bbe1242a2/e4136eec-5645-4e72-a526-380bbe1242a2.htseq.counts.gz	e4136eec-5645-4e72-a526-380bbe1242a2	d8b88441-16c7-4201-9c01-3e7237d18eee	3e456ea9-e28d-4977-8c8c-5b5b8fffbb03
s3://htseq_results/5ef7ffcb-1938-449a-a082-2b2b04adbafe/5ef7ffcb-1938-449a-a082-2b2b04adbafe.htseq.counts.gz	5ef7ffcb-1938-449a-a082-2b2b04adbafe	dd9f2a45-cec8-438a-9059-74752880a90e	25da5ede-8254-49c7-8559-6729507066a1
s3://htseq_results/11a60c12-2fa4-4199-8dbb-f1865fd4c1bd/11a60c12-2fa4-4199-8dbb-f1865fd4c1bd.htseq.counts.gz	11a60c12-2fa4-4199-8dbb-f1865fd4c1bd	d8e6c4a2-7d2b-430c-8515-c2148c9bcda4	8250603f-860a-4d54-863b-50bafb9d5b3b
s3://htseq_results/bd337d64-aaac-43ed-bbd0-8730b2dd7d0a/bd337d64-aaac-43ed-bbd0-8730b2dd7d0a.htseq.counts.gz	bd337d64-aaac-43ed-bbd0-8730b2dd7d0a	a7bf785f-0539-4899-ac21-47d1fc347ee8	87a76195-5000-4976-8a5e-c2875cb9f486
s3://htseq_results/fd2f27db-566f-4742-b498-c6ac2b68fe3f/fd2f27db-566f-4742-b498-c6ac2b68fe3f.htseq.counts.gz	fd2f27db-566f-4742-b498-c6ac2b68fe3f	64b35577-c430-4f11-8a34-965921e3a37d	a475576d-57c5-41ee-bac3-a1b1b8c1305c
s3://htseq_results/8546cb8a-fa49-47a4-9881-5b001572ef8d/8546cb8a-fa49-47a4-9881-5b001572ef8d.htseq.counts.gz	8546cb8a-fa49-47a4-9881-5b001572ef8d	f89990c0-e6a1-4721-86e6-2b06c33e0588	245893ad-f1c2-46ba-a485-3947e8d1c78f
s3://htseq_results/29bbf0cf-d187-4fa6-ab97-68b8f71cd478/29bbf0cf-d187-4fa6-ab97-68b8f71cd478.htseq.counts.gz	29bbf0cf-d187-4fa6-ab97-68b8f71cd478	a5b3de4c-f3fa-414c-b809-59c3c1438aa7	e1131850-061c-4831-aa0e-dc3e9d9ba043
s3://htseq_results/82a740bb-803a-4cb7-a2ea-ec44b578de62/82a740bb-803a-4cb7-a2ea-ec44b578de62.htseq.counts.gz	82a740bb-803a-4cb7-a2ea-ec44b578de62	68642658-7996-4423-bb25-d3beb9a414f1	aa3a931d-435c-4858-ab16-4788770587ed
s3://htseq_results/c6ed3d21-f764-4b46-b896-a03f4636c210/c6ed3d21-f764-4b46-b896-a03f4636c210.htseq.counts.gz	c6ed3d21-f764-4b46-b896-a03f4636c210	d4c9fd69-d447-4607-be1e-2b5f7ec15f90	1547d054-019e-4387-94f3-da1f01dff4ba
s3://htseq_results/e71a1335-d494-46f8-b507-a7b207a01a29/e71a1335-d494-46f8-b507-a7b207a01a29.htseq.counts.gz	e71a1335-d494-46f8-b507-a7b207a01a29	44598068-5220-4287-adad-0b4c3e21dc4b	3f191817-1791-4615-b893-15ccac1e2f84
s3://htseq_results/78063b18-e580-4b2b-b044-cda9a78c3d86/78063b18-e580-4b2b-b044-cda9a78c3d86.htseq.counts.gz	78063b18-e580-4b2b-b044-cda9a78c3d86	cfc6f9ef-73b1-46af-b4c8-94fdd34f4584	524f5e5e-2e33-491f-9b08-4320397e778b
s3://htseq_results/66b436bb-4a2c-43dc-9af9-7ad55fda594a/66b436bb-4a2c-43dc-9af9-7ad55fda594a.htseq.counts.gz	66b436bb-4a2c-43dc-9af9-7ad55fda594a	87ecfd2a-3376-446b-9b60-2cb8541bab9a	895821cf-345d-4324-b9e6-cee2c4443f1a
s3://htseq_results/38f141c2-4d24-45a7-bc7f-ecdba7082f72/38f141c2-4d24-45a7-bc7f-ecdba7082f72.htseq.counts.gz	38f141c2-4d24-45a7-bc7f-ecdba7082f72	104604c8-2cb5-4538-b964-dbff3b6bc19f	0568fe26-7594-4015-b4f3-57c8a22fd9c2
s3://htseq_results/b0af0420-90ea-4eb9-b224-514a59296b14/b0af0420-90ea-4eb9-b224-514a59296b14.htseq.counts.gz	b0af0420-90ea-4eb9-b224-514a59296b14	4bec3959-d59d-4e80-855c-f044a5780780	5f66ae56-8f05-412a-8c47-0e7012849f64
s3://htseq_results/fb8f9097-1c0d-4b75-a7ac-3056c6f11d33/fb8f9097-1c0d-4b75-a7ac-3056c6f11d33.htseq.counts.gz	fb8f9097-1c0d-4b75-a7ac-3056c6f11d33	0d80fac4-f43e-4a67-b372-0af320966dbc	fefca722-e97b-4371-98a8-a8b2f884370a
s3://htseq_results/70472382-0fcb-449b-8de1-8214462f4f7d/70472382-0fcb-449b-8de1-8214462f4f7d.htseq.counts.gz	70472382-0fcb-449b-8de1-8214462f4f7d	ed53edb2-3951-4d97-b62a-b9aee879cecd	6f708e1d-c6f7-4166-ac1f-0a686d95ae39
s3://htseq_results/d4cd1f75-ab87-4d80-90c5-9504aac851d2/d4cd1f75-ab87-4d80-90c5-9504aac851d2.htseq.counts.gz	d4cd1f75-ab87-4d80-90c5-9504aac851d2	45bdcfd6-1e3f-4be8-b843-ae949e8e43eb	536d11ba-aa02-4443-96e8-6e9e9898ceb7
s3://htseq_results/14dcd46a-2608-4843-8c78-d9bf58e24bf7/14dcd46a-2608-4843-8c78-d9bf58e24bf7.htseq.counts.gz	14dcd46a-2608-4843-8c78-d9bf58e24bf7	9bb2a95c-42f2-4847-8b65-eafa2d833859	c3cf3d4f-35f1-40ad-ab4b-2c4b9061d0cf
s3://htseq_results/4e90f280-4e74-44d8-b94d-00d19599e3eb/4e90f280-4e74-44d8-b94d-00d19599e3eb.htseq.counts.gz	4e90f280-4e74-44d8-b94d-00d19599e3eb	8e5a0feb-b044-49ef-8cea-80816e4c5635	0053d506-ce66-4635-b648-be234c7c0708
s3://htseq_results/162df6f6-1c8e-4929-9d4e-9d3c3d329d43/162df6f6-1c8e-4929-9d4e-9d3c3d329d43.htseq.counts.gz	162df6f6-1c8e-4929-9d4e-9d3c3d329d43	2c084454-18e9-4837-9bba-7e91a73a48e0	779d20ea-3a81-4008-b630-3c8cb469fec5
s3://htseq_results/a40f508e-edf6-45a3-8fcb-26d596f05710/a40f508e-edf6-45a3-8fcb-26d596f05710.htseq.counts.gz	a40f508e-edf6-45a3-8fcb-26d596f05710	6014f16b-5f3d-43ec-b8a7-7cf99583101a	10fc92d3-3589-458a-bc19-0d2d43fda9ab
s3://htseq_results/d29a3b20-5097-4056-8b1d-e5520a655a7c/d29a3b20-5097-4056-8b1d-e5520a655a7c.htseq.counts.gz	d29a3b20-5097-4056-8b1d-e5520a655a7c	5bad31ef-94b3-4765-a4de-6a0caf5d3154	67c4f673-3a04-4721-940d-a3a28f4717d3
s3://htseq_results/ddfcf8d2-7ed5-4cb7-8e8c-92b93a0d4615/ddfcf8d2-7ed5-4cb7-8e8c-92b93a0d4615.htseq.counts.gz	ddfcf8d2-7ed5-4cb7-8e8c-92b93a0d4615	295004c6-d52e-4971-82ff-84595850f548	ce7a30a8-468f-4a5e-a573-f2cf273bcd28
s3://htseq_results/1b626362-f2dc-4137-9e43-d7f71eb4f8cc/1b626362-f2dc-4137-9e43-d7f71eb4f8cc.htseq.counts.gz	1b626362-f2dc-4137-9e43-d7f71eb4f8cc	604b9fd9-93d4-40b8-b83b-f5381d8418a2	6d33abbc-9347-4da4-9101-5024fef9a4e1
s3://htseq_results/571143cf-c9f4-4490-8ff7-084ab5b297d3/571143cf-c9f4-4490-8ff7-084ab5b297d3.htseq.counts.gz	571143cf-c9f4-4490-8ff7-084ab5b297d3	2e930925-9eaf-4469-9328-35241f60eddd	b524a0e1-2127-4848-9806-0c3454c56e22
s3://htseq_results/0a6c43bd-9668-409e-a61a-f2e913766784/0a6c43bd-9668-409e-a61a-f2e913766784.htseq.counts.gz	0a6c43bd-9668-409e-a61a-f2e913766784	52495119-a052-4749-bed4-d4c81a6c3fb2	c5b44824-5b58-40eb-80a3-1604fefef04e
s3://htseq_results/881bb503-95c6-4a88-9267-da8174ce4350/881bb503-95c6-4a88-9267-da8174ce4350.htseq.counts.gz	881bb503-95c6-4a88-9267-da8174ce4350	d61e22d8-c3ce-4237-83d7-da188b9fd456	da7e432c-38d2-4a80-a82e-e1f950e7492d
s3://htseq_results/785e2863-2f6b-4b5b-9364-f1ae37afb2c1/785e2863-2f6b-4b5b-9364-f1ae37afb2c1.htseq.counts.gz	785e2863-2f6b-4b5b-9364-f1ae37afb2c1	ee6dd13a-1436-48f5-8a9f-732898c1735f	e608cf6c-42d1-4562-b4c6-fe84fd69193c
s3://htseq_results/0e0cf108-f7ff-412b-8840-1dd1fce76d6b/0e0cf108-f7ff-412b-8840-1dd1fce76d6b.htseq.counts.gz	0e0cf108-f7ff-412b-8840-1dd1fce76d6b	0c409bc3-1893-4203-9d84-6c016f1960c3	e856ffa7-8d75-45a4-9d72-a3a576fa7dd1
s3://htseq_results/7785d0df-031a-4f2f-9975-833f57f5c767/7785d0df-031a-4f2f-9975-833f57f5c767.htseq.counts.gz	7785d0df-031a-4f2f-9975-833f57f5c767	75a53bff-bf0f-4ad8-9b8e-14a27914d4f2	9a505286-4aa4-4f56-b71e-ceddde413e52
s3://htseq_results/c4b33860-c481-47cd-a6e2-9f587c007389/c4b33860-c481-47cd-a6e2-9f587c007389.htseq.counts.gz	c4b33860-c481-47cd-a6e2-9f587c007389	158549f3-8f26-4efa-b3fd-62da0665830c	1b4be6ae-b4cd-4dcf-8c06-77328ba6e034
s3://htseq_results/6e4ad047-a669-440f-b45f-2fef73171994/6e4ad047-a669-440f-b45f-2fef73171994.htseq.counts.gz	6e4ad047-a669-440f-b45f-2fef73171994	f085f014-2690-4ff0-910a-89176c78cfc9	c9f46e3b-bad4-4095-86cc-08bd5c5a261c
s3://htseq_results/b581fdd2-ede2-422b-817d-7c42d64a293c/b581fdd2-ede2-422b-817d-7c42d64a293c.htseq.counts.gz	b581fdd2-ede2-422b-817d-7c42d64a293c	6eb010c4-c906-42d4-894d-8b47de90e023	d7a7d7ba-ba5b-4afb-a451-27946fcbac8c
s3://htseq_results/b70dffed-c7d6-4121-b0f6-fa08fb7638dd/b70dffed-c7d6-4121-b0f6-fa08fb7638dd.htseq.counts.gz	b70dffed-c7d6-4121-b0f6-fa08fb7638dd	f459ce8d-d245-4feb-a1fe-c273b02feaaf	e5eb0c33-c817-478c-bea2-d6d56e4a3951
s3://htseq_results/1702d861-9093-45b6-a0a8-4b729a082db6/1702d861-9093-45b6-a0a8-4b729a082db6.htseq.counts.gz	1702d861-9093-45b6-a0a8-4b729a082db6	781c4776-7f82-4bc5-a490-291ebcebbca4	0dfea89c-6c93-4a07-82db-598c8aa9d0d6
s3://htseq_results/97c1050f-b055-4466-9cdb-4b6db9acf919/97c1050f-b055-4466-9cdb-4b6db9acf919.htseq.counts.gz	97c1050f-b055-4466-9cdb-4b6db9acf919	a8ec7a72-7e3a-41cc-9eb7-62e7a0642a20	7c895abd-3ee8-44ac-bc5d-894bf55a888a
s3://htseq_results/1ad09a17-bea8-40b7-81a0-9b5f94da574c/1ad09a17-bea8-40b7-81a0-9b5f94da574c.htseq.counts.gz	1ad09a17-bea8-40b7-81a0-9b5f94da574c	73292c19-d6a8-4bc4-97bc-ccce54f264f8	e5c5e3a7-7cca-4c65-b10d-17cc2a2a0291
s3://htseq_results/36359b4d-f015-45fb-a65a-c5bbe87f622c/36359b4d-f015-45fb-a65a-c5bbe87f622c.htseq.counts.gz	36359b4d-f015-45fb-a65a-c5bbe87f622c	78412f82-cc55-43d5-96ca-1d02cf957725	b19357df-ef0e-4a01-932c-3dc537ef75ea
s3://htseq_results/c6b9b16f-e8c4-4e8b-8369-4965ed94c04f/c6b9b16f-e8c4-4e8b-8369-4965ed94c04f.htseq.counts.gz	c6b9b16f-e8c4-4e8b-8369-4965ed94c04f	a40beabe-496e-4324-a1d1-5a7d8b002aab	d534dba4-b034-4451-9886-d66cdb7c7ef7
s3://htseq_results/85b1ee20-f35b-4d08-8072-f722edad2eef/85b1ee20-f35b-4d08-8072-f722edad2eef.htseq.counts.gz	85b1ee20-f35b-4d08-8072-f722edad2eef	8e50e35f-3fb3-4f1a-b4d5-4bacd31bb0bd	09f4aed2-c85e-4e72-9e04-c6a2e02e5d76
s3://htseq_results/c898f9c0-3f1f-4c10-bca4-fa3d1b856029/c898f9c0-3f1f-4c10-bca4-fa3d1b856029.htseq.counts.gz	c898f9c0-3f1f-4c10-bca4-fa3d1b856029	cd54aff9-bee4-41aa-b347-48f8684dcece	2a0132e7-bd21-4c84-affb-c6f87120383c
s3://htseq_results/66f56582-eab0-4192-9c2a-0029c343b815/66f56582-eab0-4192-9c2a-0029c343b815.htseq.counts.gz	66f56582-eab0-4192-9c2a-0029c343b815	0b8956ec-f11b-4d74-b8b7-bfcb64ae974c	758c51d4-1ece-4434-976e-50813e9076aa
s3://htseq_results/61b868da-01da-4d25-b48a-ee5ec18ebc87/61b868da-01da-4d25-b48a-ee5ec18ebc87.htseq.counts.gz	61b868da-01da-4d25-b48a-ee5ec18ebc87	da0289c6-ff84-4063-ba99-a0d0a338f6cd	9ce93e24-974d-4a90-82b7-9efdf3c61085
s3://htseq_results/21cc66a1-01bd-4f7c-b36c-9ecd60cb19dd/21cc66a1-01bd-4f7c-b36c-9ecd60cb19dd.htseq.counts.gz	21cc66a1-01bd-4f7c-b36c-9ecd60cb19dd	a4225cb2-7b4b-4122-b6b9-629c26e3ea56	56bdbf15-90b8-4caf-b948-986ed55533a9
s3://htseq_results/6c55db73-80c2-4bc5-8082-195c5620cd14/6c55db73-80c2-4bc5-8082-195c5620cd14.htseq.counts.gz	6c55db73-80c2-4bc5-8082-195c5620cd14	c793250d-1553-48e1-b6b2-aaffdfe5d39b	f86950ae-1ac2-4794-83f1-541920a0b002
s3://htseq_results/1d4e6a0a-f24c-42dc-9bb4-f788dd1ea183/1d4e6a0a-f24c-42dc-9bb4-f788dd1ea183.htseq.counts.gz	1d4e6a0a-f24c-42dc-9bb4-f788dd1ea183	94394c85-6a69-4553-b1ee-c2364d5b4dd1	4c50bac5-ad8d-4120-9d73-9fe8d78c9040
s3://htseq_results/df791926-50c1-42b5-bd66-a053cda767cc/df791926-50c1-42b5-bd66-a053cda767cc.htseq.counts.gz	df791926-50c1-42b5-bd66-a053cda767cc	e6e6a773-b155-45a9-989f-75c12ce1702a	9ffa7c18-fb07-4665-b4ec-be1d1825b104
s3://htseq_results/149735c0-c26e-4983-8053-1582c706f9ed/149735c0-c26e-4983-8053-1582c706f9ed.htseq.counts.gz	149735c0-c26e-4983-8053-1582c706f9ed	f0446aed-9b4b-4e77-8708-88f239f2b671	84dff8b1-e381-4f41-a05c-04524aca78b3
s3://htseq_results/09d2017c-a970-4c0f-83bc-d85cef66fa37/09d2017c-a970-4c0f-83bc-d85cef66fa37.htseq.counts.gz	09d2017c-a970-4c0f-83bc-d85cef66fa37	3bd50bd2-c291-4362-9663-7b783a84ec43	b3effe15-e80e-4e10-92e9-d0def1e53aaf
s3://htseq_results/ee6aaabb-4aa2-4578-bc14-27d311837005/ee6aaabb-4aa2-4578-bc14-27d311837005.htseq.counts.gz	ee6aaabb-4aa2-4578-bc14-27d311837005	e3d519cf-7727-4ae1-92d1-156f5add1701	97eb631e-69ef-451a-9aa6-d573c34c4f9b
s3://htseq_results/2455d484-6a4b-4bc7-b871-cbcd9ed7a8ca/2455d484-6a4b-4bc7-b871-cbcd9ed7a8ca.htseq.counts.gz	2455d484-6a4b-4bc7-b871-cbcd9ed7a8ca	e53893e7-cfaf-49bb-917f-6d549652b319	e8f06567-7853-4e8c-a844-b27c7ac87327
s3://htseq_results/0b38743f-1a39-4653-8d59-02906a3316e1/0b38743f-1a39-4653-8d59-02906a3316e1.htseq.counts.gz	0b38743f-1a39-4653-8d59-02906a3316e1	4afab224-f65e-48a8-8802-01138e210e29	bd16fa1e-063c-41ab-a456-3ef2363fcda8
s3://htseq_results/54f22008-5e46-4ec3-b21f-d053bdef337c/54f22008-5e46-4ec3-b21f-d053bdef337c.htseq.counts.gz	54f22008-5e46-4ec3-b21f-d053bdef337c	075d17f2-dd1a-4c12-9e6c-ded1b052d107	0b98dae5-c7b9-4e57-ad43-e188dcf1c0f6
s3://htseq_results/fd41f518-30f1-48fa-98c6-50562381e662/fd41f518-30f1-48fa-98c6-50562381e662.htseq.counts.gz	fd41f518-30f1-48fa-98c6-50562381e662	93b05e07-fd17-44ce-8735-dcc28264b229	ee60d580-12aa-4bde-a42c-9a5ebc1834c0
s3://htseq_results/354071fc-2924-4328-9a3a-0cba58ca4566/354071fc-2924-4328-9a3a-0cba58ca4566.htseq.counts.gz	354071fc-2924-4328-9a3a-0cba58ca4566	ed013726-31cd-4201-bf95-7746cce2a525	72eed461-dcf0-4723-aa0f-88956341f6db
s3://htseq_results/29da0dc3-f4c4-44c0-b3b1-3209fccf4e57/29da0dc3-f4c4-44c0-b3b1-3209fccf4e57.htseq.counts.gz	29da0dc3-f4c4-44c0-b3b1-3209fccf4e57	56f883d7-3ce1-47be-a581-f7337d06d359	ed262c5b-6993-4bcf-a5f7-41c3866ddfc7
s3://htseq_results/08d405ce-f557-424b-bef3-7acd7aeb1f51/08d405ce-f557-424b-bef3-7acd7aeb1f51.htseq.counts.gz	08d405ce-f557-424b-bef3-7acd7aeb1f51	5195c9ac-b649-49f8-8750-f9a4787e8e52	86e691fc-c29d-402d-a393-8930a4f3fad9
s3://htseq_results/0e0185c3-6751-4ec9-9730-b3da33b71d00/0e0185c3-6751-4ec9-9730-b3da33b71d00.htseq.counts.gz	0e0185c3-6751-4ec9-9730-b3da33b71d00	c0a632ca-3e72-4553-8670-4a83c3a81b42	05e6be5e-d1aa-42c3-9202-aa135358341a
s3://htseq_results/a135ec85-bc99-4f95-9dd2-495d1d2d0b9e/a135ec85-bc99-4f95-9dd2-495d1d2d0b9e.htseq.counts.gz	a135ec85-bc99-4f95-9dd2-495d1d2d0b9e	b877d608-e4e0-4b28-9235-01dd65849cf7	ca847ef0-eec6-4781-81f4-8d6d08c33b68
s3://htseq_results/085ec28a-2897-42c6-bce4-bbe7df2af8d0/085ec28a-2897-42c6-bce4-bbe7df2af8d0.htseq.counts.gz	085ec28a-2897-42c6-bce4-bbe7df2af8d0	a614255d-9f1b-4e9a-8a50-435d4d123b3f	d74355d5-c8f1-4657-ac5c-5f76a4e47467
s3://htseq_results/3897dd46-34cb-4907-b8fa-3174cc1d2b40/3897dd46-34cb-4907-b8fa-3174cc1d2b40.htseq.counts.gz	3897dd46-34cb-4907-b8fa-3174cc1d2b40	9ab5714c-19bc-4022-b1ce-ef18ee2a9cb2	edb1e3a1-d48c-42cb-a0fd-87e956373585
s3://htseq_results/7489c557-4c73-48d4-8fbb-3b5d029cf8a9/7489c557-4c73-48d4-8fbb-3b5d029cf8a9.htseq.counts.gz	7489c557-4c73-48d4-8fbb-3b5d029cf8a9	9e4c8e1e-041c-4c95-9801-70c8dd0a7797	11999c54-4086-4ed7-b193-2e0df2735239
s3://htseq_results/8d564648-c050-4283-b803-3535bd033caa/8d564648-c050-4283-b803-3535bd033caa.htseq.counts.gz	8d564648-c050-4283-b803-3535bd033caa	18545977-f8a7-42a8-a15c-7a1fe72bd77f	2f5e513a-8cda-4e87-ba97-845b78c8853f
s3://htseq_results/a82ab02e-4894-43f3-adf3-8a9faebee4e3/a82ab02e-4894-43f3-adf3-8a9faebee4e3.htseq.counts.gz	a82ab02e-4894-43f3-adf3-8a9faebee4e3	f9306cb1-c4e4-42eb-8aa9-ee906c408e10	c2c0b6ee-f0d3-431c-8cc4-9eca5173df37
s3://htseq_results/7c6fb172-1162-477c-8be8-740bea044c84/7c6fb172-1162-477c-8be8-740bea044c84.htseq.counts.gz	7c6fb172-1162-477c-8be8-740bea044c84	d4d1c1d8-efc3-4282-b986-d7343de7e78f	069ceb60-d007-4b57-a0b6-0ad05ba49dfa
s3://htseq_results/98f08602-3393-436d-81d4-447ec38444b5/98f08602-3393-436d-81d4-447ec38444b5.htseq.counts.gz	98f08602-3393-436d-81d4-447ec38444b5	f1ec5a7b-0973-4c38-9908-862196df9541	4eabf441-dfaa-4c36-a0a4-8897d4008f3f
s3://htseq_results/0ec64cf6-1981-45dc-a04d-8ecbdc6f550b/0ec64cf6-1981-45dc-a04d-8ecbdc6f550b.htseq.counts.gz	0ec64cf6-1981-45dc-a04d-8ecbdc6f550b	36b46540-472f-4a4d-a801-b8b6ae660dc9	16658ea4-7879-4fc8-a6fc-92eded4d4574
s3://htseq_results/39340015-dfac-4372-a7e5-e68236727c62/39340015-dfac-4372-a7e5-e68236727c62.htseq.counts.gz	39340015-dfac-4372-a7e5-e68236727c62	92dec9c3-27c1-48c4-8184-5d8d12678992	23ced7be-8bc1-4e9a-8a10-54c170a485b7
s3://htseq_results/061086d5-2a01-444b-83ac-f1397b184307/061086d5-2a01-444b-83ac-f1397b184307.htseq.counts.gz	061086d5-2a01-444b-83ac-f1397b184307	adc5e117-f01a-4e4b-bcb8-3d1a726b01a1	e5f5e07f-145b-437d-ab1c-c629b7afce27
s3://htseq_results/643a2bf7-bfb7-4057-9e98-0c5fb479d052/643a2bf7-bfb7-4057-9e98-0c5fb479d052.htseq.counts.gz	643a2bf7-bfb7-4057-9e98-0c5fb479d052	39847790-c951-4f9d-b23c-88c7f44d20a0	eb3bb089-5471-43c6-b3a0-74553ecd0ac6
s3://htseq_results/4cfa3e4c-3a86-4d76-b86f-a25686084858/4cfa3e4c-3a86-4d76-b86f-a25686084858.htseq.counts.gz	4cfa3e4c-3a86-4d76-b86f-a25686084858	60df8616-8189-4d5c-8ebc-a05488cd9083	3865d65b-930c-4979-91c5-497b72d1b7a8
s3://htseq_results/18ea0e96-a76f-42ae-a340-019b24823d26/18ea0e96-a76f-42ae-a340-019b24823d26.htseq.counts.gz	18ea0e96-a76f-42ae-a340-019b24823d26	2666ab3e-f2b9-4b3d-bfce-aac2a4bafe62	449fb25f-4449-4817-b182-ff246b4ffafe
s3://htseq_results/55fb21ce-d184-4d9b-a578-9ed5bd5856f3/55fb21ce-d184-4d9b-a578-9ed5bd5856f3.htseq.counts.gz	55fb21ce-d184-4d9b-a578-9ed5bd5856f3	13afbde8-e5b5-4f3c-8a9d-daef71560005	99398e14-bd09-4bf2-b9fb-313da0e88fd9
s3://htseq_results/0c62cc5b-b61f-4a28-8b42-67407c1e5b83/0c62cc5b-b61f-4a28-8b42-67407c1e5b83.htseq.counts.gz	0c62cc5b-b61f-4a28-8b42-67407c1e5b83	69cec2e1-fa83-47e2-a75d-9c1432f1108d	5227e7fc-c7ed-4923-9597-ddae0ad29cb4
s3://htseq_results/fe964742-d9b9-4e82-bf49-6fff3e14df70/fe964742-d9b9-4e82-bf49-6fff3e14df70.htseq.counts.gz	fe964742-d9b9-4e82-bf49-6fff3e14df70	b87bc182-b1c7-4e8d-a34b-704431b1d8d0	9222dfe0-27c4-42cb-8e62-43e6e5a0ada8
s3://htseq_results/942e4259-876c-44f5-be6c-9d401476bcb8/942e4259-876c-44f5-be6c-9d401476bcb8.htseq.counts.gz	942e4259-876c-44f5-be6c-9d401476bcb8	df135722-b98d-4dec-906d-77da13df39b9	e912621f-4803-46d2-a056-378dc3fcf8b4
s3://htseq_results/1c261173-3a2b-4eed-abce-692e9b3f15fe/1c261173-3a2b-4eed-abce-692e9b3f15fe.htseq.counts.gz	1c261173-3a2b-4eed-abce-692e9b3f15fe	e0c97b37-9834-4811-981e-dcb8982dba44	66afc4fd-c1f7-4ae9-be1b-8168d7b5e350
s3://htseq_results/e6f99fd8-5b05-45f8-934b-b1c49cfe5296/e6f99fd8-5b05-45f8-934b-b1c49cfe5296.htseq.counts.gz	e6f99fd8-5b05-45f8-934b-b1c49cfe5296	a0f4ee95-b457-43cf-8b6c-0b6882dd99ce	9ee990f0-1982-4012-96d7-4495ab1f4e4b
s3://htseq_results/ac5bbb54-b09d-430e-bba4-65ba9caf82f4/ac5bbb54-b09d-430e-bba4-65ba9caf82f4.htseq.counts.gz	ac5bbb54-b09d-430e-bba4-65ba9caf82f4	cff68090-09df-492b-874c-0caeb29f9361	5cf30542-0745-4cd5-9193-14ef995218b9
s3://htseq_results/d209c552-3439-4745-ad68-e82675cc9aa9/d209c552-3439-4745-ad68-e82675cc9aa9.htseq.counts.gz	d209c552-3439-4745-ad68-e82675cc9aa9	4668cb20-6396-4d98-90d8-61814697d16a	2758bd10-87ca-498d-bc2e-0d5f92fdb634
s3://htseq_results/a4141c5c-e187-49aa-9b42-1ad9e2929aec/a4141c5c-e187-49aa-9b42-1ad9e2929aec.htseq.counts.gz	a4141c5c-e187-49aa-9b42-1ad9e2929aec	07d409a0-d0dd-415a-95c3-38c26a518c56	a845552b-4b27-4a58-98e4-a98c2d75f72a
s3://htseq_results/fbb0d66d-f8c5-42b1-8fae-f432b06bddde/fbb0d66d-f8c5-42b1-8fae-f432b06bddde.htseq.counts.gz	fbb0d66d-f8c5-42b1-8fae-f432b06bddde	ca245eb0-c60e-4a94-afd8-ccf15c1008df	d9904f57-fde7-48bc-8c96-484d51017ff0
s3://htseq_results/2dec4bff-88e9-4017-b60c-f52ae0931964/2dec4bff-88e9-4017-b60c-f52ae0931964.htseq.counts.gz	2dec4bff-88e9-4017-b60c-f52ae0931964	56ae2434-e84a-494b-a784-2c2009be8ae6	214d6150-1b21-4994-858a-09c917dc958b
s3://htseq_results/dc63da49-8faf-4912-aa74-f37154384746/dc63da49-8faf-4912-aa74-f37154384746.htseq.counts.gz	dc63da49-8faf-4912-aa74-f37154384746	466d039a-d4d3-4bf4-93a2-89039f397d0d	e8a47fb0-6482-46e7-a0d6-b09ad8f06943
s3://htseq_results/32d0241a-e8cb-46d8-b659-e440010c4475/32d0241a-e8cb-46d8-b659-e440010c4475.htseq.counts.gz	32d0241a-e8cb-46d8-b659-e440010c4475	e70c561a-1640-49d6-9662-f49b08118f1e	908f9d6f-e960-4f1d-b1c6-12c67812dc3c
s3://htseq_results/2f7906be-c9db-4eb3-87a4-e0acf72edd0e/2f7906be-c9db-4eb3-87a4-e0acf72edd0e.htseq.counts.gz	2f7906be-c9db-4eb3-87a4-e0acf72edd0e	672fe335-42ed-4a86-9953-c8862a081c24	147d980f-bc6d-43ee-9454-4934ab161c07
s3://htseq_results/756f4bf6-333d-4708-a17d-8b4857c46dd1/756f4bf6-333d-4708-a17d-8b4857c46dd1.htseq.counts.gz	756f4bf6-333d-4708-a17d-8b4857c46dd1	9626e62f-f984-463a-8ef3-677489191864	20b6de7e-a76b-41c0-9a6e-9916e2d2b013
s3://htseq_results/2a2a3432-df44-4cac-a334-b777c48d4c77/2a2a3432-df44-4cac-a334-b777c48d4c77.htseq.counts.gz	2a2a3432-df44-4cac-a334-b777c48d4c77	ed560804-50b9-488e-bfa9-33f20cb83106	fa546225-ad76-4726-8900-17ea3904f7c1
s3://htseq_results/60698050-9b14-4ba9-b015-0edbd1a869cc/60698050-9b14-4ba9-b015-0edbd1a869cc.htseq.counts.gz	60698050-9b14-4ba9-b015-0edbd1a869cc	cefaf325-24d3-4b69-bddb-1ceb66f9a693	d0e4a389-468c-4ebf-a7ef-553536912652
s3://htseq_results/f887d61a-bb90-4bfe-aa1f-1ff933fedcf0/f887d61a-bb90-4bfe-aa1f-1ff933fedcf0.htseq.counts.gz	f887d61a-bb90-4bfe-aa1f-1ff933fedcf0	5c9a6c40-982e-45c7-98d3-aeb6cad16986	92fed6cd-4439-4c1f-af25-97ed083b9499
s3://bioinformatics_scratch/7836a97d-960a-40ea-a755-621cde382876/7836a97d-960a-40ea-a755-621cde382876.htseq.counts.gz	7836a97d-960a-40ea-a755-621cde382876	4f86dec5-34a7-4c11-9578-7e007a203cbf	4f543f1d-6dd8-4aed-b014-dd4b5292af4b
s3://htseq_results/37d661b5-6aa2-4a45-bd09-3dd08b296b43/37d661b5-6aa2-4a45-bd09-3dd08b296b43.htseq.counts.gz	37d661b5-6aa2-4a45-bd09-3dd08b296b43	6208a0a6-104e-48e6-964c-39d120b418d3	71928637-4db6-4c1a-8127-7d5b0446996e
s3://htseq_results/3472dc3a-cd09-4d60-b5b3-6f4537e868ee/3472dc3a-cd09-4d60-b5b3-6f4537e868ee.htseq.counts.gz	3472dc3a-cd09-4d60-b5b3-6f4537e868ee	87ae9d51-7397-4dca-87a4-7b0f20321729	13aab9d0-6c6a-41c0-b854-29e712279ee4
s3://htseq_results/ff74d05f-7996-4a5f-bbe3-3e2ad2d2d0bc/ff74d05f-7996-4a5f-bbe3-3e2ad2d2d0bc.htseq.counts.gz	ff74d05f-7996-4a5f-bbe3-3e2ad2d2d0bc	9ec1c41f-495b-4715-956c-9f1ed0b47e01	a9167ba8-08d6-4ea0-a9f7-9ebb7b1aa1a4
s3://htseq_results/83d5c605-b415-4743-b4ec-e8a376b93250/83d5c605-b415-4743-b4ec-e8a376b93250.htseq.counts.gz	83d5c605-b415-4743-b4ec-e8a376b93250	6264f0dd-cc82-45f3-bee0-64f52307d324	cb2d1ac9-521e-4d81-9032-ac13c3528da7
s3://htseq_results/e1e8bd0c-ea43-45fb-9e42-80b37df2ee3b/e1e8bd0c-ea43-45fb-9e42-80b37df2ee3b.htseq.counts.gz	e1e8bd0c-ea43-45fb-9e42-80b37df2ee3b	466d039a-d4d3-4bf4-93a2-89039f397d0d	e3996aaa-dbf7-44d4-8062-d01ca6b29a38
s3://htseq_results/a540f534-ed98-4374-aae0-608d64e078b2/a540f534-ed98-4374-aae0-608d64e078b2.htseq.counts.gz	a540f534-ed98-4374-aae0-608d64e078b2	646241fe-e202-4e72-ae61-84f577488968	4d5b1224-0569-4d67-b072-64b6185ec5cc
s3://htseq_results/7d16d993-67f3-4f3a-af09-af0e4fd4c072/7d16d993-67f3-4f3a-af09-af0e4fd4c072.htseq.counts.gz	7d16d993-67f3-4f3a-af09-af0e4fd4c072	3e5385f5-d4ff-4b96-8259-312602ec1196	1cbf20fc-9898-46da-98e4-1940201abee8
s3://htseq_results/7f36aa84-d9a2-4820-8b0c-31668ff30367/7f36aa84-d9a2-4820-8b0c-31668ff30367.htseq.counts.gz	7f36aa84-d9a2-4820-8b0c-31668ff30367	551cade6-32e8-4aac-9e92-d6b113d4ed7f	5e09af58-8416-41da-8c99-91761f3e0bf1
s3://htseq_results/ac46a133-5c10-43e4-84b9-0cdcdaf5526e/ac46a133-5c10-43e4-84b9-0cdcdaf5526e.htseq.counts.gz	ac46a133-5c10-43e4-84b9-0cdcdaf5526e	bbb4578f-2df7-42fe-9e52-f923da05b4d0	d609550d-7807-4e13-aae4-5b770c4f6722
s3://htseq_results/5a0b1c85-c388-4c4a-b0f9-24a628e59895/5a0b1c85-c388-4c4a-b0f9-24a628e59895.htseq.counts.gz	5a0b1c85-c388-4c4a-b0f9-24a628e59895	50f914de-0410-4fe1-8e97-2fbd8be2efc0	cd06bdaa-b595-4ba5-a4d6-fad32e1f77de
s3://htseq_results/4d47757a-460a-4617-a360-d2619d510c69/4d47757a-460a-4617-a360-d2619d510c69.htseq.counts.gz	4d47757a-460a-4617-a360-d2619d510c69	55b8d871-dbff-4c4a-8f73-82565588c23f	f47f3279-6265-4d85-89f2-d11501672ec0
s3://htseq_results/2603ada6-3900-4527-84d4-451d40886b08/2603ada6-3900-4527-84d4-451d40886b08.htseq.counts.gz	2603ada6-3900-4527-84d4-451d40886b08	08269082-cd8d-413a-a606-aa140cccc9e6	5ee375f6-b40e-446c-b595-3436e27c73d4
s3://htseq_results/5b01befa-e70d-450a-875c-d0ec23abe95c/5b01befa-e70d-450a-875c-d0ec23abe95c.htseq.counts.gz	5b01befa-e70d-450a-875c-d0ec23abe95c	1bf54408-b5cb-45dc-ad03-ef2866a0ff59	74690cfa-ad39-4876-86cc-6b82062add1c
s3://htseq_results/5f32a811-87ba-4597-8794-8411bf2a4271/5f32a811-87ba-4597-8794-8411bf2a4271.htseq.counts.gz	5f32a811-87ba-4597-8794-8411bf2a4271	a007b49b-297c-48c7-9f0a-12bdb470df4b	74d7c232-3a85-4e1a-8f0e-0c33f4c63064
s3://htseq_results/ea237009-dee2-42a0-aa54-9ac165e9aa26/ea237009-dee2-42a0-aa54-9ac165e9aa26.htseq.counts.gz	ea237009-dee2-42a0-aa54-9ac165e9aa26	851a1157-e460-4794-8534-2eb6f0ae7468	76894c83-5e3a-4d7c-b3e9-f7ef57e724a8
s3://htseq_results/31c45ffe-dfa0-4905-9d75-e1e22b7a6e69/31c45ffe-dfa0-4905-9d75-e1e22b7a6e69.htseq.counts.gz	31c45ffe-dfa0-4905-9d75-e1e22b7a6e69	04552448-4629-45c3-b2ab-0c1dec9c36cd	38dba480-1670-4534-8bf1-b6f58cd1dfec
s3://htseq_results/f9f3e08b-b3a2-4843-9e4a-9d115bce83c7/f9f3e08b-b3a2-4843-9e4a-9d115bce83c7.htseq.counts.gz	f9f3e08b-b3a2-4843-9e4a-9d115bce83c7	52495119-a052-4749-bed4-d4c81a6c3fb2	2b5d833d-fd64-47a1-b90a-6a1eba839e1c
s3://htseq_results/ebac55d9-36dc-4632-8d99-a25464346630/ebac55d9-36dc-4632-8d99-a25464346630.htseq.counts.gz	ebac55d9-36dc-4632-8d99-a25464346630	307b742a-3340-41ae-8e41-934b58bbd48d	cd60a525-6c86-4107-8ced-fa2a5a5af0d5
s3://htseq_results/f16aa63a-2c4d-48c3-948b-013de8833a30/f16aa63a-2c4d-48c3-948b-013de8833a30.htseq.counts.gz	f16aa63a-2c4d-48c3-948b-013de8833a30	e7a1cbe2-793c-4747-8412-8be794f2382b	12e60329-5243-46a0-a3ea-4d0a6e6b0392
s3://htseq_results/cf588761-e56a-4633-9c47-d4720022feb2/cf588761-e56a-4633-9c47-d4720022feb2.htseq.counts.gz	cf588761-e56a-4633-9c47-d4720022feb2	280d8569-0acb-47fa-a8f5-aa8540d89a94	18c3431e-1dfa-48d9-a207-3ef74d283426
s3://htseq_results/6df7df4d-938a-4ad6-a5a3-a51ba0b7dec2/6df7df4d-938a-4ad6-a5a3-a51ba0b7dec2.htseq.counts.gz	6df7df4d-938a-4ad6-a5a3-a51ba0b7dec2	cf059d8a-6c7a-48f4-a545-1160177d208d	1aded3d8-d927-4a8b-af9d-e4e00b7480b4
s3://htseq_results/d40bae5d-74ea-4f68-890b-38ccc04e3e33/d40bae5d-74ea-4f68-890b-38ccc04e3e33.htseq.counts.gz	d40bae5d-74ea-4f68-890b-38ccc04e3e33	366f39be-05ab-402b-9525-725e095de570	47bf8c2d-6142-4550-a854-162cdd2b7684
s3://htseq_results/983d24b1-12b0-43a6-8453-4c3102fe6d9e/983d24b1-12b0-43a6-8453-4c3102fe6d9e.htseq.counts.gz	983d24b1-12b0-43a6-8453-4c3102fe6d9e	552e78bb-dc9e-4c73-82bd-93a4bbea3a3a	66d43b7a-411f-458c-b985-1802637bbb10
s3://htseq_results/97456616-34c1-4af3-9cb1-560d83cab0c5/97456616-34c1-4af3-9cb1-560d83cab0c5.htseq.counts.gz	97456616-34c1-4af3-9cb1-560d83cab0c5	2d813726-b8a6-4719-9323-a7496547e156	00b33fcb-61eb-4dba-991c-e9b2a9a70a51
s3://htseq_results/25f74dfa-4199-4884-962d-dcf035935fc3/25f74dfa-4199-4884-962d-dcf035935fc3.htseq.counts.gz	25f74dfa-4199-4884-962d-dcf035935fc3	25e4b9ff-2bdb-4ee1-8d6d-17cce7949db9	3e6da150-f9d6-405c-b297-84a070fe804d
s3://htseq_results/b1718afb-ec11-4eea-9ff9-052717849983/b1718afb-ec11-4eea-9ff9-052717849983.htseq.counts.gz	b1718afb-ec11-4eea-9ff9-052717849983	3abd0691-f575-44ce-a13e-8f6bceb8cabf	be2d78df-da0f-483a-b367-dd5271a65cac
s3://htseq_results/a8ec4173-263a-4cb7-bf85-ae68a1151eeb/a8ec4173-263a-4cb7-bf85-ae68a1151eeb.htseq.counts.gz	a8ec4173-263a-4cb7-bf85-ae68a1151eeb	91a605b2-929a-44ce-8522-2ff793ddf82f	f2d8ec72-3f79-4cc4-9999-935bc74d7f72
s3://htseq_results/300d3f59-4290-40a5-9df6-59284d790aac/300d3f59-4290-40a5-9df6-59284d790aac.htseq.counts.gz	300d3f59-4290-40a5-9df6-59284d790aac	048ebea2-47ef-4359-9213-a1b7e4fdecf0	6d835ad5-66b9-46d1-b1dc-eb830b8912e4
s3://htseq_results/7d33e8dc-bb77-4448-8ef4-b4b6e1d67206/7d33e8dc-bb77-4448-8ef4-b4b6e1d67206.htseq.counts.gz	7d33e8dc-bb77-4448-8ef4-b4b6e1d67206	12560466-52ca-4114-8c9b-4853599628f1	38f7d64a-6a0b-464d-a178-3c6e13eca52e
s3://htseq_results/cffafb21-0cda-4056-ba0b-8ada6ea68957/cffafb21-0cda-4056-ba0b-8ada6ea68957.htseq.counts.gz	cffafb21-0cda-4056-ba0b-8ada6ea68957	2b7c7e88-a204-44a4-ab28-624b586dc238	5837b10d-8c02-4d07-9763-8a4f32e294fc
s3://htseq_results/c83a27b2-98cf-4a30-8cae-802c336f24f3/c83a27b2-98cf-4a30-8cae-802c336f24f3.htseq.counts.gz	c83a27b2-98cf-4a30-8cae-802c336f24f3	3b76c73f-f530-4a3a-91c4-31834747321e	6cfad57a-8d1c-4819-8027-41a91469d193
s3://htseq_results/f9a769fa-23ed-4e39-9acd-306e9afcdc7d/f9a769fa-23ed-4e39-9acd-306e9afcdc7d.htseq.counts.gz	f9a769fa-23ed-4e39-9acd-306e9afcdc7d	685a343d-c253-40e9-a53c-6521baf24f9f	a68fcab2-7832-443a-b051-ae753aced3a8
s3://htseq_results/61e5178d-86bc-4229-8a41-61401f71f64b/61e5178d-86bc-4229-8a41-61401f71f64b.htseq.counts.gz	61e5178d-86bc-4229-8a41-61401f71f64b	53d40ba3-c33b-4139-967d-5110884237a3	9ce68048-e231-4927-9e33-c057a897f929
s3://htseq_results/8ce86dfe-8ac5-4342-b97e-a39397ba0480/8ce86dfe-8ac5-4342-b97e-a39397ba0480.htseq.counts.gz	8ce86dfe-8ac5-4342-b97e-a39397ba0480	11d7cf4d-4ad2-4ce7-a1ac-3b729a8d566e	f913d61f-70f0-4dd3-a9f9-384133734d43
s3://bioinformatics_scratch/1efcbcf9-bea8-4592-816c-4aa0bdb75a28/1efcbcf9-bea8-4592-816c-4aa0bdb75a28.htseq.counts.gz	1efcbcf9-bea8-4592-816c-4aa0bdb75a28	32bbf3d8-fd0e-45e2-b2a8-80192e86a13c	e9c0bbcb-376f-4ae3-a172-7cfce9feb4e3
s3://htseq_results/443181bc-6248-4f42-bf52-5557c9788d51/443181bc-6248-4f42-bf52-5557c9788d51.htseq.counts.gz	443181bc-6248-4f42-bf52-5557c9788d51	dc39df39-9945-4cb6-a852-d3b42177ac80	a6976ea0-4858-4432-85f2-33a18784b499
s3://htseq_results/cebea1c0-97ce-4bc0-a3df-b953aac4db63/cebea1c0-97ce-4bc0-a3df-b953aac4db63.htseq.counts.gz	cebea1c0-97ce-4bc0-a3df-b953aac4db63	284b4e63-ae72-476c-a28e-866c6b77ac00	e86714ae-1a49-4a18-ac89-35ee42385693
s3://htseq_results/d16c7be5-6403-4636-99dc-bedacdca9772/d16c7be5-6403-4636-99dc-bedacdca9772.htseq.counts.gz	d16c7be5-6403-4636-99dc-bedacdca9772	f590f15b-21f5-4d99-9021-e5e1e0cc3758	c80f99bf-d66e-4d50-8185-24d133315d3d
s3://htseq_results/5029587e-a11b-473d-b14d-b17615b50047/5029587e-a11b-473d-b14d-b17615b50047.htseq.counts.gz	5029587e-a11b-473d-b14d-b17615b50047	94625198-6b3b-4cf2-bb22-4d247e498d28	ec9e49c6-62d8-4248-85cc-e66c225db177
s3://htseq_results/13918b1d-75f3-4195-83f2-cf64ab4359b9/13918b1d-75f3-4195-83f2-cf64ab4359b9.htseq.counts.gz	13918b1d-75f3-4195-83f2-cf64ab4359b9	4af65061-a15f-48d5-b4c0-30003386bf2e	d2916aed-46ef-47ec-9718-f936e73fe3be
s3://htseq_results/7ff8b431-ed46-4867-a226-eeeba158ab08/7ff8b431-ed46-4867-a226-eeeba158ab08.htseq.counts.gz	7ff8b431-ed46-4867-a226-eeeba158ab08	7dcb37f9-c059-4ed3-a616-963ad4ada6d7	74513700-4bf3-478d-8f30-05c1d51ec246
s3://htseq_results/07ebbb90-afd6-4dcd-9248-8eb28a7baa75/07ebbb90-afd6-4dcd-9248-8eb28a7baa75.htseq.counts.gz	07ebbb90-afd6-4dcd-9248-8eb28a7baa75	a7c1d88a-d3a2-4232-a0df-3bd48fc27cc0	0d528a2a-63b4-4d66-957b-90b937965f17
s3://htseq_results/419e243f-d1b9-40a4-a164-b11aa2655f92/419e243f-d1b9-40a4-a164-b11aa2655f92.htseq.counts.gz	419e243f-d1b9-40a4-a164-b11aa2655f92	6bebd839-7a72-4e1f-9b76-146bdc0c55fc	314e00aa-9786-4634-a845-45860853daa9
s3://htseq_results/9e2a71b9-8f43-4fef-8fa6-ef4113521903/9e2a71b9-8f43-4fef-8fa6-ef4113521903.htseq.counts.gz	9e2a71b9-8f43-4fef-8fa6-ef4113521903	1ef4526a-8089-46ba-aa7f-4300ab6bbbe9	807abf86-60c9-42ae-a709-33e6d8709393
s3://htseq_results/100d44f3-8eca-4b57-8a27-480a72ee1461/100d44f3-8eca-4b57-8a27-480a72ee1461.htseq.counts.gz	100d44f3-8eca-4b57-8a27-480a72ee1461	77657eb5-0c77-4f85-9a5e-9f7071d82155	accfd874-53de-4771-91e0-55f09b02e597
s3://htseq_results/7b2c7499-15c0-4926-a12c-4561df34954b/7b2c7499-15c0-4926-a12c-4561df34954b.htseq.counts.gz	7b2c7499-15c0-4926-a12c-4561df34954b	3f253cb2-ed66-4d02-a1d2-ba2f4320e61d	fade0b33-a012-4897-b35a-c37d7ce0f1b6
s3://htseq_results/60da5b9c-f663-414c-88f7-98a21ddffd15/60da5b9c-f663-414c-88f7-98a21ddffd15.htseq.counts.gz	60da5b9c-f663-414c-88f7-98a21ddffd15	95cb399c-0a6f-4bd8-8146-36f367f30611	59d6c567-d73c-4572-ae55-385b9f0ed8bf
s3://htseq_results/cf603881-4938-4181-a913-92325598aa1f/cf603881-4938-4181-a913-92325598aa1f.htseq.counts.gz	cf603881-4938-4181-a913-92325598aa1f	094dbc57-e3a4-4319-8964-f29a06bd0203	92f15d0a-7aa7-4299-9e14-b2cbb4fd2740
s3://htseq_results/5935af99-2969-4f1e-9ced-a359d86f3485/5935af99-2969-4f1e-9ced-a359d86f3485.htseq.counts.gz	5935af99-2969-4f1e-9ced-a359d86f3485	f07a7717-f6eb-40b7-82ea-0aa9d17ec337	a2a51ba0-0e83-414a-977c-0124ad0d3603
s3://bioinformatics_scratch/f6ba6dae-9c7a-444e-8887-eea3d7f26315/f6ba6dae-9c7a-444e-8887-eea3d7f26315.htseq.counts.gz	f6ba6dae-9c7a-444e-8887-eea3d7f26315	2797088e-f534-4c1e-abf8-cc6f832cd911	d299b4ed-2ebf-4c53-9d3b-aa5f6eaae646
s3://htseq_results/dbc8d48d-6bd1-4d25-bd18-df8801b657f2/dbc8d48d-6bd1-4d25-bd18-df8801b657f2.htseq.counts.gz	dbc8d48d-6bd1-4d25-bd18-df8801b657f2	e8bb682e-60a1-4842-a732-74558256dff8	dd3850ef-1108-42e1-8b1e-5e4e57916579
s3://htseq_results/a05a44de-762a-4016-9f8e-7096aeb96250/a05a44de-762a-4016-9f8e-7096aeb96250.htseq.counts.gz	a05a44de-762a-4016-9f8e-7096aeb96250	f900767e-097b-4def-8a74-78fb042a039d	f42e83c8-9260-4cfd-a233-d96bc3dd2c20
s3://htseq_results/9cd571a0-0fd0-46c7-84b9-9ec95beb4ac5/9cd571a0-0fd0-46c7-84b9-9ec95beb4ac5.htseq.counts.gz	9cd571a0-0fd0-46c7-84b9-9ec95beb4ac5	b02a2698-d4d3-4977-a251-989694d60f73	14830f0b-1722-46d7-876f-4bcc36caeaf3
s3://htseq_results/742a7f53-9d79-434c-b796-c5bdfc87c16d/742a7f53-9d79-434c-b796-c5bdfc87c16d.htseq.counts.gz	742a7f53-9d79-434c-b796-c5bdfc87c16d	a6e960af-3ca5-42fb-b546-451c2583282d	d9d35aa6-5185-4da7-b794-6f0b07242b61